x-axis,1
second,Volt
 -2.500000000000e-03, -3.51759e-02
 -2.497440000000e-03, -7.18593e-01
 -2.494880000000e-03, -7.18593e-01
 -2.492320000000e-03, -7.38693e-01
 -2.489760000000e-03, -7.18593e-01
 -2.487200000000e-03, -6.98492e-01
 -2.484640000000e-03, -7.18593e-01
 -2.482080000000e-03, -7.18593e-01
 -2.479520000000e-03, -6.98492e-01
 -2.476960000000e-03, -6.98492e-01
 -2.474400000000e-03, -6.98492e-01
 -2.471840000000e-03, -6.78392e-01
 -2.469280000000e-03, -6.98492e-01
 -2.466720000000e-03, -6.78392e-01
 -2.464160000000e-03, -6.58291e-01
 -2.461600000000e-03, -6.78392e-01
 -2.459040000000e-03, -6.58291e-01
 -2.456480000000e-03, -6.78392e-01
 -2.453920000000e-03, -6.38191e-01
 -2.451360000000e-03, -6.58291e-01
 -2.448800000000e-03, -6.58291e-01
 -2.446240000000e-03, -6.58291e-01
 -2.443680000000e-03, -6.38191e-01
 -2.441120000000e-03, -6.38191e-01
 -2.438560000000e-03, -6.38191e-01
 -2.436000000000e-03, -6.18090e-01
 -2.433440000000e-03, -5.97990e-01
 -2.430880000000e-03, -5.97990e-01
 -2.428320000000e-03, -6.38191e-01
 -2.425760000000e-03, -5.97990e-01
 -2.423200000000e-03, -5.77889e-01
 -2.420640000000e-03, -6.18090e-01
 -2.418080000000e-03, -5.97990e-01
 -2.415520000000e-03, -5.77889e-01
 -2.412960000000e-03, -5.97990e-01
 -2.410400000000e-03, -5.77889e-01
 -2.407840000000e-03, -5.97990e-01
 -2.405280000000e-03, -5.77889e-01
 -2.402720000000e-03, -5.77889e-01
 -2.400160000000e-03, -5.77889e-01
 -2.397600000000e-03, -5.77889e-01
 -2.395040000000e-03, -5.57789e-01
 -2.392480000000e-03, -5.57789e-01
 -2.389920000000e-03, -5.57789e-01
 -2.387360000000e-03, -5.37688e-01
 -2.384800000000e-03, -5.57789e-01
 -2.382240000000e-03, -5.57789e-01
 -2.379680000000e-03, -5.37688e-01
 -2.377120000000e-03, -5.37688e-01
 -2.374560000000e-03, -5.17588e-01
 -2.372000000000e-03, -5.57789e-01
 -2.369440000000e-03, -5.57789e-01
 -2.366880000000e-03, -5.37688e-01
 -2.364320000000e-03, -5.37688e-01
 -2.361760000000e-03, -5.37688e-01
 -2.359200000000e-03, -4.97487e-01
 -2.356640000000e-03, -5.17588e-01
 -2.354080000000e-03, -4.97487e-01
 -2.351520000000e-03, -4.97487e-01
 -2.348960000000e-03, -4.97487e-01
 -2.346400000000e-03, -4.97487e-01
 -2.343840000000e-03, -4.97487e-01
 -2.341280000000e-03, -4.77387e-01
 -2.338720000000e-03, -5.17588e-01
 -2.336160000000e-03, -4.77387e-01
 -2.333600000000e-03, -4.77387e-01
 -2.331040000000e-03, -4.97487e-01
 -2.328480000000e-03, -4.57286e-01
 -2.325920000000e-03, -4.57286e-01
 -2.323360000000e-03, -4.57286e-01
 -2.320800000000e-03, -4.57286e-01
 -2.318240000000e-03, -4.57286e-01
 -2.315680000000e-03, -4.77387e-01
 -2.313120000000e-03, -4.37186e-01
 -2.310560000000e-03, -4.37186e-01
 -2.308000000000e-03, -4.77387e-01
 -2.305440000000e-03, -4.57286e-01
 -2.302880000000e-03, -4.37186e-01
 -2.300320000000e-03, -4.57286e-01
 -2.297760000000e-03, -4.37186e-01
 -2.295200000000e-03, -4.17085e-01
 -2.292640000000e-03, -4.17085e-01
 -2.290080000000e-03, -3.96985e-01
 -2.287520000000e-03, -4.17085e-01
 -2.284960000000e-03, -4.17085e-01
 -2.282400000000e-03, -4.37186e-01
 -2.279840000000e-03, -4.37186e-01
 -2.277280000000e-03, -3.96985e-01
 -2.274720000000e-03, -4.17085e-01
 -2.272160000000e-03, -4.17085e-01
 -2.269600000000e-03, -4.17085e-01
 -2.267040000000e-03, -4.17085e-01
 -2.264480000000e-03, -3.96985e-01
 -2.261920000000e-03, -3.96985e-01
 -2.259360000000e-03, -3.96985e-01
 -2.256800000000e-03, -3.96985e-01
 -2.254240000000e-03, -3.76884e-01
 -2.251680000000e-03, -3.96985e-01
 -2.249120000000e-03, -3.76884e-01
 -2.246560000000e-03, -3.76884e-01
 -2.244000000000e-03, -3.96985e-01
 -2.241440000000e-03, -3.56784e-01
 -2.238880000000e-03, -3.76884e-01
 -2.236320000000e-03, -3.76884e-01
 -2.233760000000e-03, -3.76884e-01
 -2.231200000000e-03, -3.56784e-01
 -2.228640000000e-03, -3.56784e-01
 -2.226080000000e-03, -3.76884e-01
 -2.223520000000e-03, -3.56784e-01
 -2.220960000000e-03, -3.56784e-01
 -2.218400000000e-03, -3.76884e-01
 -2.215840000000e-03, -3.56784e-01
 -2.213280000000e-03, -3.36683e-01
 -2.210720000000e-03, -3.36683e-01
 -2.208160000000e-03, -3.96985e-01
 -2.205600000000e-03, -3.56784e-01
 -2.203040000000e-03, -3.56784e-01
 -2.200480000000e-03, -3.36683e-01
 -2.197920000000e-03, -3.56784e-01
 -2.195360000000e-03, -3.56784e-01
 -2.192800000000e-03, -3.36683e-01
 -2.190240000000e-03, -3.36683e-01
 -2.187680000000e-03, -3.36683e-01
 -2.185120000000e-03, -3.36683e-01
 -2.182560000000e-03, -3.76884e-01
 -2.180000000000e-03, -3.36683e-01
 -2.177440000000e-03, -3.36683e-01
 -2.174880000000e-03, -3.16583e-01
 -2.172320000000e-03, -3.36683e-01
 -2.169760000000e-03, -3.36683e-01
 -2.167200000000e-03, -3.36683e-01
 -2.164640000000e-03, -3.56784e-01
 -2.162080000000e-03, -3.16583e-01
 -2.159520000000e-03, -3.36683e-01
 -2.156960000000e-03, -2.96482e-01
 -2.154400000000e-03, -3.16583e-01
 -2.151840000000e-03, -3.36683e-01
 -2.149280000000e-03, -3.36683e-01
 -2.146720000000e-03, -3.16583e-01
 -2.144160000000e-03, -3.16583e-01
 -2.141600000000e-03, -3.16583e-01
 -2.139040000000e-03, -2.96482e-01
 -2.136480000000e-03, -3.16583e-01
 -2.133920000000e-03, -3.16583e-01
 -2.131360000000e-03, -3.16583e-01
 -2.128800000000e-03, -3.16583e-01
 -2.126240000000e-03, -3.16583e-01
 -2.123680000000e-03, -3.36683e-01
 -2.121120000000e-03, -3.16583e-01
 -2.118560000000e-03, -2.96482e-01
 -2.116000000000e-03, -3.16583e-01
 -2.113440000000e-03, -3.16583e-01
 -2.110880000000e-03, -2.96482e-01
 -2.108320000000e-03, -3.16583e-01
 -2.105760000000e-03, -3.16583e-01
 -2.103200000000e-03, -2.96482e-01
 -2.100640000000e-03, -3.16583e-01
 -2.098080000000e-03, -2.96482e-01
 -2.095520000000e-03, -3.36683e-01
 -2.092960000000e-03, -2.96482e-01
 -2.090400000000e-03, -2.96482e-01
 -2.087840000000e-03, -3.16583e-01
 -2.085280000000e-03, -2.96482e-01
 -2.082720000000e-03, -3.16583e-01
 -2.080160000000e-03, -3.16583e-01
 -2.077600000000e-03, -3.16583e-01
 -2.075040000000e-03, -2.96482e-01
 -2.072480000000e-03, -2.96482e-01
 -2.069920000000e-03, -3.16583e-01
 -2.067360000000e-03, -2.96482e-01
 -2.064800000000e-03, -2.96482e-01
 -2.062240000000e-03, -2.96482e-01
 -2.059680000000e-03, -2.96482e-01
 -2.057120000000e-03, -3.36683e-01
 -2.054560000000e-03, -2.96482e-01
 -2.052000000000e-03, -2.96482e-01
 -2.049440000000e-03, -3.36683e-01
 -2.046880000000e-03, -3.36683e-01
 -2.044320000000e-03, -3.16583e-01
 -2.041760000000e-03, -3.16583e-01
 -2.039200000000e-03, -2.96482e-01
 -2.036640000000e-03, -2.96482e-01
 -2.034080000000e-03, -2.96482e-01
 -2.031520000000e-03, -2.96482e-01
 -2.028960000000e-03, -3.16583e-01
 -2.026400000000e-03, -3.16583e-01
 -2.023840000000e-03, -2.96482e-01
 -2.021280000000e-03, -3.16583e-01
 -2.018720000000e-03, -3.36683e-01
 -2.016160000000e-03, -3.16583e-01
 -2.013600000000e-03, -2.96482e-01
 -2.011040000000e-03, -3.36683e-01
 -2.008480000000e-03, -2.96482e-01
 -2.005920000000e-03, -3.36683e-01
 -2.003360000000e-03, -2.96482e-01
 -2.000800000000e-03, -3.16583e-01
 -1.998240000000e-03,  6.88442e-01
 -1.995680000000e-03,  6.88442e-01
 -1.993120000000e-03,  6.88442e-01
 -1.990560000000e-03,  6.68342e-01
 -1.988000000000e-03,  6.68342e-01
 -1.985440000000e-03,  6.68342e-01
 -1.982880000000e-03,  6.68342e-01
 -1.980320000000e-03,  6.88442e-01
 -1.977760000000e-03,  6.48241e-01
 -1.975200000000e-03,  6.48241e-01
 -1.972640000000e-03,  6.48241e-01
 -1.970080000000e-03,  6.28141e-01
 -1.967520000000e-03,  6.48241e-01
 -1.964960000000e-03,  6.28141e-01
 -1.962400000000e-03,  6.28141e-01
 -1.959840000000e-03,  6.28141e-01
 -1.957280000000e-03,  6.08040e-01
 -1.954720000000e-03,  6.48241e-01
 -1.952160000000e-03,  6.28141e-01
 -1.949600000000e-03,  6.08040e-01
 -1.947040000000e-03,  6.08040e-01
 -1.944480000000e-03,  6.08040e-01
 -1.941920000000e-03,  5.87940e-01
 -1.939360000000e-03,  6.08040e-01
 -1.936800000000e-03,  5.87940e-01
 -1.934240000000e-03,  6.08040e-01
 -1.931680000000e-03,  5.87940e-01
 -1.929120000000e-03,  5.67839e-01
 -1.926560000000e-03,  5.87940e-01
 -1.924000000000e-03,  5.87940e-01
 -1.921440000000e-03,  5.27638e-01
 -1.918880000000e-03,  5.67839e-01
 -1.916320000000e-03,  5.47739e-01
 -1.913760000000e-03,  5.87940e-01
 -1.911200000000e-03,  5.47739e-01
 -1.908640000000e-03,  5.47739e-01
 -1.906080000000e-03,  5.47739e-01
 -1.903520000000e-03,  5.47739e-01
 -1.900960000000e-03,  5.47739e-01
 -1.898400000000e-03,  5.27638e-01
 -1.895840000000e-03,  5.47739e-01
 -1.893280000000e-03,  5.27638e-01
 -1.890720000000e-03,  5.07538e-01
 -1.888160000000e-03,  5.27638e-01
 -1.885600000000e-03,  5.27638e-01
 -1.883040000000e-03,  5.07538e-01
 -1.880480000000e-03,  5.07538e-01
 -1.877920000000e-03,  5.07538e-01
 -1.875360000000e-03,  5.07538e-01
 -1.872800000000e-03,  4.87437e-01
 -1.870240000000e-03,  4.87437e-01
 -1.867680000000e-03,  5.07538e-01
 -1.865120000000e-03,  4.87437e-01
 -1.862560000000e-03,  4.87437e-01
 -1.860000000000e-03,  4.87437e-01
 -1.857440000000e-03,  4.67337e-01
 -1.854880000000e-03,  4.67337e-01
 -1.852320000000e-03,  4.67337e-01
 -1.849760000000e-03,  4.87437e-01
 -1.847200000000e-03,  4.67337e-01
 -1.844640000000e-03,  4.47236e-01
 -1.842080000000e-03,  4.47236e-01
 -1.839520000000e-03,  4.47236e-01
 -1.836960000000e-03,  4.27136e-01
 -1.834400000000e-03,  4.67337e-01
 -1.831840000000e-03,  4.47236e-01
 -1.829280000000e-03,  4.47236e-01
 -1.826720000000e-03,  4.27136e-01
 -1.824160000000e-03,  4.07035e-01
 -1.821600000000e-03,  4.47236e-01
 -1.819040000000e-03,  4.27136e-01
 -1.816480000000e-03,  4.27136e-01
 -1.813920000000e-03,  4.27136e-01
 -1.811360000000e-03,  4.47236e-01
 -1.808800000000e-03,  4.27136e-01
 -1.806240000000e-03,  4.07035e-01
 -1.803680000000e-03,  4.07035e-01
 -1.801120000000e-03,  4.07035e-01
 -1.798560000000e-03,  4.07035e-01
 -1.796000000000e-03,  4.27136e-01
 -1.793440000000e-03,  4.07035e-01
 -1.790880000000e-03,  3.86935e-01
 -1.788320000000e-03,  3.86935e-01
 -1.785760000000e-03,  3.86935e-01
 -1.783200000000e-03,  3.86935e-01
 -1.780640000000e-03,  3.86935e-01
 -1.778080000000e-03,  3.46734e-01
 -1.775520000000e-03,  3.66834e-01
 -1.772960000000e-03,  3.86935e-01
 -1.770400000000e-03,  3.86935e-01
 -1.767840000000e-03,  3.66834e-01
 -1.765280000000e-03,  3.66834e-01
 -1.762720000000e-03,  3.66834e-01
 -1.760160000000e-03,  3.66834e-01
 -1.757600000000e-03,  3.46734e-01
 -1.755040000000e-03,  3.66834e-01
 -1.752480000000e-03,  3.46734e-01
 -1.749920000000e-03,  3.46734e-01
 -1.747360000000e-03,  3.46734e-01
 -1.744800000000e-03,  3.46734e-01
 -1.742240000000e-03,  3.66834e-01
 -1.739680000000e-03,  3.46734e-01
 -1.737120000000e-03,  3.46734e-01
 -1.734560000000e-03,  3.26633e-01
 -1.732000000000e-03,  3.46734e-01
 -1.729440000000e-03,  3.46734e-01
 -1.726880000000e-03,  3.46734e-01
 -1.724320000000e-03,  3.26633e-01
 -1.721760000000e-03,  3.26633e-01
 -1.719200000000e-03,  3.06533e-01
 -1.716640000000e-03,  3.26633e-01
 -1.714080000000e-03,  3.26633e-01
 -1.711520000000e-03,  3.06533e-01
 -1.708960000000e-03,  2.86432e-01
 -1.706400000000e-03,  3.26633e-01
 -1.703840000000e-03,  3.06533e-01
 -1.701280000000e-03,  3.06533e-01
 -1.698720000000e-03,  3.06533e-01
 -1.696160000000e-03,  3.06533e-01
 -1.693600000000e-03,  3.06533e-01
 -1.691040000000e-03,  2.86432e-01
 -1.688480000000e-03,  3.06533e-01
 -1.685920000000e-03,  3.06533e-01
 -1.683360000000e-03,  3.26633e-01
 -1.680800000000e-03,  2.86432e-01
 -1.678240000000e-03,  3.06533e-01
 -1.675680000000e-03,  3.06533e-01
 -1.673120000000e-03,  2.66332e-01
 -1.670560000000e-03,  3.06533e-01
 -1.668000000000e-03,  2.86432e-01
 -1.665440000000e-03,  2.86432e-01
 -1.662880000000e-03,  2.86432e-01
 -1.660320000000e-03,  3.06533e-01
 -1.657760000000e-03,  3.06533e-01
 -1.655200000000e-03,  2.86432e-01
 -1.652640000000e-03,  2.86432e-01
 -1.650080000000e-03,  2.86432e-01
 -1.647520000000e-03,  2.46231e-01
 -1.644960000000e-03,  2.66332e-01
 -1.642400000000e-03,  2.86432e-01
 -1.639840000000e-03,  2.86432e-01
 -1.637280000000e-03,  2.86432e-01
 -1.634720000000e-03,  2.66332e-01
 -1.632160000000e-03,  2.86432e-01
 -1.629600000000e-03,  2.86432e-01
 -1.627040000000e-03,  2.86432e-01
 -1.624480000000e-03,  2.86432e-01
 -1.621920000000e-03,  2.46231e-01
 -1.619360000000e-03,  2.86432e-01
 -1.616800000000e-03,  2.86432e-01
 -1.614240000000e-03,  2.86432e-01
 -1.611680000000e-03,  2.66332e-01
 -1.609120000000e-03,  2.66332e-01
 -1.606560000000e-03,  2.86432e-01
 -1.604000000000e-03,  2.66332e-01
 -1.601440000000e-03,  2.66332e-01
 -1.598880000000e-03,  2.86432e-01
 -1.596320000000e-03,  2.86432e-01
 -1.593760000000e-03,  2.86432e-01
 -1.591200000000e-03,  2.86432e-01
 -1.588640000000e-03,  2.86432e-01
 -1.586080000000e-03,  2.86432e-01
 -1.583520000000e-03,  2.86432e-01
 -1.580960000000e-03,  2.66332e-01
 -1.578400000000e-03,  2.66332e-01
 -1.575840000000e-03,  2.86432e-01
 -1.573280000000e-03,  2.66332e-01
 -1.570720000000e-03,  2.66332e-01
 -1.568160000000e-03,  2.86432e-01
 -1.565600000000e-03,  2.66332e-01
 -1.563040000000e-03,  2.66332e-01
 -1.560480000000e-03,  2.86432e-01
 -1.557920000000e-03,  2.66332e-01
 -1.555360000000e-03,  2.86432e-01
 -1.552800000000e-03,  2.86432e-01
 -1.550240000000e-03,  2.86432e-01
 -1.547680000000e-03,  2.86432e-01
 -1.545120000000e-03,  2.66332e-01
 -1.542560000000e-03,  2.66332e-01
 -1.540000000000e-03,  2.86432e-01
 -1.537440000000e-03,  2.66332e-01
 -1.534880000000e-03,  2.86432e-01
 -1.532320000000e-03,  2.86432e-01
 -1.529760000000e-03,  2.86432e-01
 -1.527200000000e-03,  3.06533e-01
 -1.524640000000e-03,  2.66332e-01
 -1.522080000000e-03,  2.66332e-01
 -1.519520000000e-03,  2.86432e-01
 -1.516960000000e-03,  2.86432e-01
 -1.514400000000e-03,  2.66332e-01
 -1.511840000000e-03,  2.86432e-01
 -1.509280000000e-03,  2.86432e-01
 -1.506720000000e-03,  2.66332e-01
 -1.504160000000e-03,  2.86432e-01
 -1.501600000000e-03,  2.86432e-01
 -1.499040000000e-03, -7.38693e-01
 -1.496480000000e-03, -7.18593e-01
 -1.493920000000e-03, -7.18593e-01
 -1.491360000000e-03, -7.18593e-01
 -1.488800000000e-03, -6.98492e-01
 -1.486240000000e-03, -6.98492e-01
 -1.483680000000e-03, -6.98492e-01
 -1.481120000000e-03, -7.18593e-01
 -1.478560000000e-03, -6.98492e-01
 -1.476000000000e-03, -6.98492e-01
 -1.473440000000e-03, -6.98492e-01
 -1.470880000000e-03, -6.98492e-01
 -1.468320000000e-03, -6.78392e-01
 -1.465760000000e-03, -6.78392e-01
 -1.463200000000e-03, -6.78392e-01
 -1.460640000000e-03, -6.78392e-01
 -1.458080000000e-03, -6.98492e-01
 -1.455520000000e-03, -6.58291e-01
 -1.452960000000e-03, -6.58291e-01
 -1.450400000000e-03, -6.58291e-01
 -1.447840000000e-03, -6.38191e-01
 -1.445280000000e-03, -6.58291e-01
 -1.442720000000e-03, -6.38191e-01
 -1.440160000000e-03, -6.18090e-01
 -1.437600000000e-03, -6.58291e-01
 -1.435040000000e-03, -6.18090e-01
 -1.432480000000e-03, -6.18090e-01
 -1.429920000000e-03, -6.18090e-01
 -1.427360000000e-03, -5.97990e-01
 -1.424800000000e-03, -6.18090e-01
 -1.422240000000e-03, -6.38191e-01
 -1.419680000000e-03, -6.18090e-01
 -1.417120000000e-03, -5.97990e-01
 -1.414560000000e-03, -5.97990e-01
 -1.412000000000e-03, -5.97990e-01
 -1.409440000000e-03, -5.97990e-01
 -1.406880000000e-03, -5.57789e-01
 -1.404320000000e-03, -5.77889e-01
 -1.401760000000e-03, -5.77889e-01
 -1.399200000000e-03, -5.77889e-01
 -1.396640000000e-03, -5.77889e-01
 -1.394080000000e-03, -5.57789e-01
 -1.391520000000e-03, -5.57789e-01
 -1.388960000000e-03, -5.37688e-01
 -1.386400000000e-03, -5.37688e-01
 -1.383840000000e-03, -5.57789e-01
 -1.381280000000e-03, -5.57789e-01
 -1.378720000000e-03, -5.57789e-01
 -1.376160000000e-03, -5.57789e-01
 -1.373600000000e-03, -5.37688e-01
 -1.371040000000e-03, -4.97487e-01
 -1.368480000000e-03, -5.37688e-01
 -1.365920000000e-03, -5.57789e-01
 -1.363360000000e-03, -5.17588e-01
 -1.360800000000e-03, -5.17588e-01
 -1.358240000000e-03, -5.37688e-01
 -1.355680000000e-03, -4.77387e-01
 -1.353120000000e-03, -4.97487e-01
 -1.350560000000e-03, -4.97487e-01
 -1.348000000000e-03, -4.97487e-01
 -1.345440000000e-03, -4.97487e-01
 -1.342880000000e-03, -4.97487e-01
 -1.340320000000e-03, -4.97487e-01
 -1.337760000000e-03, -4.77387e-01
 -1.335200000000e-03, -4.77387e-01
 -1.332640000000e-03, -4.77387e-01
 -1.330080000000e-03, -4.77387e-01
 -1.327520000000e-03, -4.97487e-01
 -1.324960000000e-03, -4.57286e-01
 -1.322400000000e-03, -4.97487e-01
 -1.319840000000e-03, -4.57286e-01
 -1.317280000000e-03, -4.57286e-01
 -1.314720000000e-03, -4.77387e-01
 -1.312160000000e-03, -4.57286e-01
 -1.309600000000e-03, -4.37186e-01
 -1.307040000000e-03, -4.57286e-01
 -1.304480000000e-03, -4.37186e-01
 -1.301920000000e-03, -4.37186e-01
 -1.299360000000e-03, -4.37186e-01
 -1.296800000000e-03, -4.57286e-01
 -1.294240000000e-03, -4.37186e-01
 -1.291680000000e-03, -4.17085e-01
 -1.289120000000e-03, -4.37186e-01
 -1.286560000000e-03, -4.37186e-01
 -1.284000000000e-03, -4.17085e-01
 -1.281440000000e-03, -4.17085e-01
 -1.278880000000e-03, -4.17085e-01
 -1.276320000000e-03, -4.17085e-01
 -1.273760000000e-03, -4.17085e-01
 -1.271200000000e-03, -3.76884e-01
 -1.268640000000e-03, -3.96985e-01
 -1.266080000000e-03, -4.17085e-01
 -1.263520000000e-03, -4.17085e-01
 -1.260960000000e-03, -3.76884e-01
 -1.258400000000e-03, -3.96985e-01
 -1.255840000000e-03, -3.76884e-01
 -1.253280000000e-03, -3.96985e-01
 -1.250720000000e-03, -3.76884e-01
 -1.248160000000e-03, -3.96985e-01
 -1.245600000000e-03, -3.96985e-01
 -1.243040000000e-03, -3.96985e-01
 -1.240480000000e-03, -3.76884e-01
 -1.237920000000e-03, -3.96985e-01
 -1.235360000000e-03, -3.76884e-01
 -1.232800000000e-03, -3.76884e-01
 -1.230240000000e-03, -3.76884e-01
 -1.227680000000e-03, -3.76884e-01
 -1.225120000000e-03, -3.56784e-01
 -1.222560000000e-03, -3.56784e-01
 -1.220000000000e-03, -3.56784e-01
 -1.217440000000e-03, -3.56784e-01
 -1.214880000000e-03, -3.56784e-01
 -1.212320000000e-03, -3.56784e-01
 -1.209760000000e-03, -3.56784e-01
 -1.207200000000e-03, -3.36683e-01
 -1.204640000000e-03, -3.56784e-01
 -1.202080000000e-03, -3.56784e-01
 -1.199520000000e-03, -3.36683e-01
 -1.196960000000e-03, -3.56784e-01
 -1.194400000000e-03, -3.56784e-01
 -1.191840000000e-03, -3.56784e-01
 -1.189280000000e-03, -3.16583e-01
 -1.186720000000e-03, -3.36683e-01
 -1.184160000000e-03, -3.36683e-01
 -1.181600000000e-03, -3.36683e-01
 -1.179040000000e-03, -3.36683e-01
 -1.176480000000e-03, -3.16583e-01
 -1.173920000000e-03, -3.36683e-01
 -1.171360000000e-03, -3.36683e-01
 -1.168800000000e-03, -3.16583e-01
 -1.166240000000e-03, -3.36683e-01
 -1.163680000000e-03, -3.36683e-01
 -1.161120000000e-03, -3.36683e-01
 -1.158560000000e-03, -3.16583e-01
 -1.156000000000e-03, -3.16583e-01
 -1.153440000000e-03, -2.96482e-01
 -1.150880000000e-03, -3.16583e-01
 -1.148320000000e-03, -3.16583e-01
 -1.145760000000e-03, -3.36683e-01
 -1.143200000000e-03, -3.16583e-01
 -1.140640000000e-03, -3.36683e-01
 -1.138080000000e-03, -2.96482e-01
 -1.135520000000e-03, -3.36683e-01
 -1.132960000000e-03, -3.16583e-01
 -1.130400000000e-03, -2.96482e-01
 -1.127840000000e-03, -3.16583e-01
 -1.125280000000e-03, -3.36683e-01
 -1.122720000000e-03, -3.16583e-01
 -1.120160000000e-03, -3.16583e-01
 -1.117600000000e-03, -3.16583e-01
 -1.115040000000e-03, -3.16583e-01
 -1.112480000000e-03, -2.96482e-01
 -1.109920000000e-03, -3.16583e-01
 -1.107360000000e-03, -2.96482e-01
 -1.104800000000e-03, -3.16583e-01
 -1.102240000000e-03, -2.96482e-01
 -1.099680000000e-03, -3.16583e-01
 -1.097120000000e-03, -2.96482e-01
 -1.094560000000e-03, -3.36683e-01
 -1.092000000000e-03, -3.16583e-01
 -1.089440000000e-03, -3.16583e-01
 -1.086880000000e-03, -2.96482e-01
 -1.084320000000e-03, -2.96482e-01
 -1.081760000000e-03, -3.36683e-01
 -1.079200000000e-03, -2.96482e-01
 -1.076640000000e-03, -3.16583e-01
 -1.074080000000e-03, -3.36683e-01
 -1.071520000000e-03, -3.16583e-01
 -1.068960000000e-03, -3.16583e-01
 -1.066400000000e-03, -3.16583e-01
 -1.063840000000e-03, -2.96482e-01
 -1.061280000000e-03, -2.96482e-01
 -1.058720000000e-03, -3.16583e-01
 -1.056160000000e-03, -2.96482e-01
 -1.053600000000e-03, -2.96482e-01
 -1.051040000000e-03, -3.16583e-01
 -1.048480000000e-03, -3.16583e-01
 -1.045920000000e-03, -3.16583e-01
 -1.043360000000e-03, -3.16583e-01
 -1.040800000000e-03, -3.16583e-01
 -1.038240000000e-03, -2.96482e-01
 -1.035680000000e-03, -2.96482e-01
 -1.033120000000e-03, -3.16583e-01
 -1.030560000000e-03, -3.16583e-01
 -1.028000000000e-03, -2.96482e-01
 -1.025440000000e-03, -3.16583e-01
 -1.022880000000e-03, -3.16583e-01
 -1.020320000000e-03, -3.16583e-01
 -1.017760000000e-03, -2.96482e-01
 -1.015200000000e-03, -3.16583e-01
 -1.012640000000e-03, -3.16583e-01
 -1.010080000000e-03, -3.36683e-01
 -1.007520000000e-03, -3.16583e-01
 -1.004960000000e-03, -3.36683e-01
 -1.002400000000e-03, -2.96482e-01
 -9.998400000000e-04,  6.88442e-01
 -9.972800000000e-04,  6.68342e-01
 -9.947200000000e-04,  6.88442e-01
 -9.921600000000e-04,  6.88442e-01
 -9.896000000000e-04,  6.88442e-01
 -9.870400000000e-04,  6.68342e-01
 -9.844800000000e-04,  6.88442e-01
 -9.819200000000e-04,  6.88442e-01
 -9.793600000000e-04,  6.48241e-01
 -9.768000000000e-04,  6.68342e-01
 -9.742400000000e-04,  6.48241e-01
 -9.716800000000e-04,  6.48241e-01
 -9.691200000000e-04,  6.48241e-01
 -9.665600000000e-04,  6.28141e-01
 -9.640000000000e-04,  6.68342e-01
 -9.614400000000e-04,  6.28141e-01
 -9.588800000000e-04,  6.28141e-01
 -9.563200000000e-04,  6.08040e-01
 -9.537600000000e-04,  6.08040e-01
 -9.512000000000e-04,  6.28141e-01
 -9.486400000000e-04,  6.08040e-01
 -9.460800000000e-04,  5.87940e-01
 -9.435200000000e-04,  5.87940e-01
 -9.409600000000e-04,  6.08040e-01
 -9.384000000000e-04,  5.87940e-01
 -9.358400000000e-04,  5.87940e-01
 -9.332800000000e-04,  5.67839e-01
 -9.307200000000e-04,  5.87940e-01
 -9.281600000000e-04,  5.47739e-01
 -9.256000000000e-04,  5.67839e-01
 -9.230400000000e-04,  5.67839e-01
 -9.204800000000e-04,  5.67839e-01
 -9.179200000000e-04,  5.47739e-01
 -9.153600000000e-04,  5.67839e-01
 -9.128000000000e-04,  5.47739e-01
 -9.102400000000e-04,  5.47739e-01
 -9.076800000000e-04,  5.47739e-01
 -9.051200000000e-04,  5.47739e-01
 -9.025600000000e-04,  5.47739e-01
 -9.000000000000e-04,  5.47739e-01
 -8.974400000000e-04,  5.47739e-01
 -8.948800000000e-04,  5.07538e-01
 -8.923200000000e-04,  5.27638e-01
 -8.897600000000e-04,  5.27638e-01
 -8.872000000000e-04,  5.07538e-01
 -8.846400000000e-04,  5.07538e-01
 -8.820800000000e-04,  5.07538e-01
 -8.795200000000e-04,  5.07538e-01
 -8.769600000000e-04,  5.27638e-01
 -8.744000000000e-04,  4.87437e-01
 -8.718400000000e-04,  5.07538e-01
 -8.692800000000e-04,  4.87437e-01
 -8.667200000000e-04,  5.07538e-01
 -8.641600000000e-04,  4.67337e-01
 -8.616000000000e-04,  4.67337e-01
 -8.590400000000e-04,  4.67337e-01
 -8.564800000000e-04,  4.87437e-01
 -8.539200000000e-04,  4.67337e-01
 -8.513600000000e-04,  4.87437e-01
 -8.488000000000e-04,  4.47236e-01
 -8.462400000000e-04,  4.67337e-01
 -8.436800000000e-04,  4.67337e-01
 -8.411200000000e-04,  4.67337e-01
 -8.385600000000e-04,  4.67337e-01
 -8.360000000000e-04,  4.47236e-01
 -8.334400000000e-04,  4.27136e-01
 -8.308800000000e-04,  4.27136e-01
 -8.283200000000e-04,  4.27136e-01
 -8.257600000000e-04,  4.47236e-01
 -8.232000000000e-04,  4.27136e-01
 -8.206400000000e-04,  4.07035e-01
 -8.180800000000e-04,  4.27136e-01
 -8.155200000000e-04,  4.07035e-01
 -8.129600000000e-04,  4.27136e-01
 -8.104000000000e-04,  4.27136e-01
 -8.078400000000e-04,  4.07035e-01
 -8.052800000000e-04,  4.07035e-01
 -8.027200000000e-04,  4.07035e-01
 -8.001600000000e-04,  4.07035e-01
 -7.976000000000e-04,  4.07035e-01
 -7.950400000000e-04,  3.86935e-01
 -7.924800000000e-04,  3.86935e-01
 -7.899200000000e-04,  3.86935e-01
 -7.873600000000e-04,  4.07035e-01
 -7.848000000000e-04,  3.66834e-01
 -7.822400000000e-04,  3.86935e-01
 -7.796800000000e-04,  3.66834e-01
 -7.771200000000e-04,  3.66834e-01
 -7.745600000000e-04,  3.86935e-01
 -7.720000000000e-04,  3.46734e-01
 -7.694400000000e-04,  3.86935e-01
 -7.668800000000e-04,  3.46734e-01
 -7.643200000000e-04,  3.66834e-01
 -7.617600000000e-04,  3.66834e-01
 -7.592000000000e-04,  3.46734e-01
 -7.566400000000e-04,  3.46734e-01
 -7.540800000000e-04,  3.66834e-01
 -7.515200000000e-04,  3.46734e-01
 -7.489600000000e-04,  3.26633e-01
 -7.464000000000e-04,  3.46734e-01
 -7.438400000000e-04,  3.46734e-01
 -7.412800000000e-04,  3.46734e-01
 -7.387200000000e-04,  3.46734e-01
 -7.361600000000e-04,  3.26633e-01
 -7.336000000000e-04,  3.26633e-01
 -7.310400000000e-04,  3.26633e-01
 -7.284800000000e-04,  3.26633e-01
 -7.259200000000e-04,  3.26633e-01
 -7.233600000000e-04,  3.26633e-01
 -7.208000000000e-04,  3.26633e-01
 -7.182400000000e-04,  3.06533e-01
 -7.156800000000e-04,  3.06533e-01
 -7.131200000000e-04,  3.46734e-01
 -7.105600000000e-04,  3.06533e-01
 -7.080000000000e-04,  3.26633e-01
 -7.054400000000e-04,  3.06533e-01
 -7.028800000000e-04,  3.06533e-01
 -7.003200000000e-04,  3.26633e-01
 -6.977600000000e-04,  3.46734e-01
 -6.952000000000e-04,  3.06533e-01
 -6.926400000000e-04,  3.06533e-01
 -6.900800000000e-04,  3.06533e-01
 -6.875200000000e-04,  3.06533e-01
 -6.849600000000e-04,  3.06533e-01
 -6.824000000000e-04,  2.66332e-01
 -6.798400000000e-04,  3.06533e-01
 -6.772800000000e-04,  2.86432e-01
 -6.747200000000e-04,  3.06533e-01
 -6.721600000000e-04,  2.86432e-01
 -6.696000000000e-04,  2.66332e-01
 -6.670400000000e-04,  2.86432e-01
 -6.644800000000e-04,  3.06533e-01
 -6.619200000000e-04,  2.86432e-01
 -6.593600000000e-04,  2.86432e-01
 -6.568000000000e-04,  2.86432e-01
 -6.542400000000e-04,  2.86432e-01
 -6.516800000000e-04,  2.66332e-01
 -6.491200000000e-04,  2.86432e-01
 -6.465600000000e-04,  2.66332e-01
 -6.440000000000e-04,  2.86432e-01
 -6.414400000000e-04,  2.86432e-01
 -6.388800000000e-04,  2.86432e-01
 -6.363200000000e-04,  2.86432e-01
 -6.337600000000e-04,  2.86432e-01
 -6.312000000000e-04,  2.86432e-01
 -6.286400000000e-04,  3.06533e-01
 -6.260800000000e-04,  2.46231e-01
 -6.235200000000e-04,  2.86432e-01
 -6.209600000000e-04,  2.66332e-01
 -6.184000000000e-04,  2.86432e-01
 -6.158400000000e-04,  2.86432e-01
 -6.132800000000e-04,  2.66332e-01
 -6.107200000000e-04,  2.86432e-01
 -6.081600000000e-04,  2.66332e-01
 -6.056000000000e-04,  2.66332e-01
 -6.030400000000e-04,  2.46231e-01
 -6.004800000000e-04,  2.66332e-01
 -5.979200000000e-04,  2.66332e-01
 -5.953600000000e-04,  2.66332e-01
 -5.928000000000e-04,  2.66332e-01
 -5.902400000000e-04,  2.86432e-01
 -5.876800000000e-04,  2.46231e-01
 -5.851200000000e-04,  2.66332e-01
 -5.825600000000e-04,  2.66332e-01
 -5.800000000000e-04,  2.66332e-01
 -5.774400000000e-04,  2.66332e-01
 -5.748800000000e-04,  2.66332e-01
 -5.723200000000e-04,  2.46231e-01
 -5.697600000000e-04,  2.86432e-01
 -5.672000000000e-04,  2.46231e-01
 -5.646400000000e-04,  2.66332e-01
 -5.620800000000e-04,  2.66332e-01
 -5.595200000000e-04,  2.66332e-01
 -5.569600000000e-04,  2.66332e-01
 -5.544000000000e-04,  2.86432e-01
 -5.518400000000e-04,  2.86432e-01
 -5.492800000000e-04,  2.86432e-01
 -5.467200000000e-04,  2.66332e-01
 -5.441600000000e-04,  2.46231e-01
 -5.416000000000e-04,  2.66332e-01
 -5.390400000000e-04,  2.66332e-01
 -5.364800000000e-04,  2.86432e-01
 -5.339200000000e-04,  2.66332e-01
 -5.313600000000e-04,  2.86432e-01
 -5.288000000000e-04,  2.86432e-01
 -5.262400000000e-04,  2.66332e-01
 -5.236800000000e-04,  2.86432e-01
 -5.211200000000e-04,  2.66332e-01
 -5.185600000000e-04,  2.66332e-01
 -5.160000000000e-04,  2.66332e-01
 -5.134400000000e-04,  2.66332e-01
 -5.108800000000e-04,  3.06533e-01
 -5.083200000000e-04,  2.86432e-01
 -5.057600000000e-04,  2.86432e-01
 -5.032000000000e-04,  2.86432e-01
 -5.006400000000e-04,  3.06533e-01
 -4.980800000000e-04, -6.98492e-01
 -4.955200000000e-04, -7.18593e-01
 -4.929600000000e-04, -7.18593e-01
 -4.904000000000e-04, -6.78392e-01
 -4.878400000000e-04, -6.98492e-01
 -4.852800000000e-04, -6.98492e-01
 -4.827200000000e-04, -7.18593e-01
 -4.801600000000e-04, -6.98492e-01
 -4.776000000000e-04, -6.78392e-01
 -4.750400000000e-04, -7.18593e-01
 -4.724800000000e-04, -6.78392e-01
 -4.699200000000e-04, -6.98492e-01
 -4.673600000000e-04, -6.78392e-01
 -4.648000000000e-04, -6.98492e-01
 -4.622400000000e-04, -6.78392e-01
 -4.596800000000e-04, -6.78392e-01
 -4.571200000000e-04, -6.78392e-01
 -4.545600000000e-04, -6.78392e-01
 -4.520000000000e-04, -6.38191e-01
 -4.494400000000e-04, -6.38191e-01
 -4.468800000000e-04, -6.38191e-01
 -4.443200000000e-04, -6.58291e-01
 -4.417600000000e-04, -6.38191e-01
 -4.392000000000e-04, -6.18090e-01
 -4.366400000000e-04, -6.18090e-01
 -4.340800000000e-04, -6.18090e-01
 -4.315200000000e-04, -6.38191e-01
 -4.289600000000e-04, -6.18090e-01
 -4.264000000000e-04, -6.18090e-01
 -4.238400000000e-04, -6.38191e-01
 -4.212800000000e-04, -5.97990e-01
 -4.187200000000e-04, -5.77889e-01
 -4.161600000000e-04, -5.97990e-01
 -4.136000000000e-04, -5.97990e-01
 -4.110400000000e-04, -5.97990e-01
 -4.084800000000e-04, -5.97990e-01
 -4.059200000000e-04, -5.97990e-01
 -4.033600000000e-04, -5.97990e-01
 -4.008000000000e-04, -5.77889e-01
 -3.982400000000e-04, -5.57789e-01
 -3.956800000000e-04, -5.57789e-01
 -3.931200000000e-04, -5.77889e-01
 -3.905600000000e-04, -5.57789e-01
 -3.880000000000e-04, -5.57789e-01
 -3.854400000000e-04, -5.37688e-01
 -3.828800000000e-04, -5.37688e-01
 -3.803200000000e-04, -5.37688e-01
 -3.777600000000e-04, -5.37688e-01
 -3.752000000000e-04, -5.17588e-01
 -3.726400000000e-04, -5.37688e-01
 -3.700800000000e-04, -5.57789e-01
 -3.675200000000e-04, -5.17588e-01
 -3.649600000000e-04, -5.17588e-01
 -3.624000000000e-04, -5.17588e-01
 -3.598400000000e-04, -4.97487e-01
 -3.572800000000e-04, -5.37688e-01
 -3.547200000000e-04, -5.17588e-01
 -3.521600000000e-04, -4.97487e-01
 -3.496000000000e-04, -5.17588e-01
 -3.470400000000e-04, -4.97487e-01
 -3.444800000000e-04, -4.97487e-01
 -3.419200000000e-04, -5.17588e-01
 -3.393600000000e-04, -4.97487e-01
 -3.368000000000e-04, -4.77387e-01
 -3.342400000000e-04, -4.77387e-01
 -3.316800000000e-04, -4.57286e-01
 -3.291200000000e-04, -4.77387e-01
 -3.265600000000e-04, -4.57286e-01
 -3.240000000000e-04, -4.77387e-01
 -3.214400000000e-04, -4.77387e-01
 -3.188800000000e-04, -4.57286e-01
 -3.163200000000e-04, -4.57286e-01
 -3.137600000000e-04, -4.37186e-01
 -3.112000000000e-04, -4.37186e-01
 -3.086400000000e-04, -4.37186e-01
 -3.060800000000e-04, -4.37186e-01
 -3.035200000000e-04, -4.37186e-01
 -3.009600000000e-04, -4.57286e-01
 -2.984000000000e-04, -4.37186e-01
 -2.958400000000e-04, -4.37186e-01
 -2.932800000000e-04, -4.57286e-01
 -2.907200000000e-04, -4.57286e-01
 -2.881600000000e-04, -4.17085e-01
 -2.856000000000e-04, -4.17085e-01
 -2.830400000000e-04, -4.17085e-01
 -2.804800000000e-04, -4.37186e-01
 -2.779200000000e-04, -3.76884e-01
 -2.753600000000e-04, -4.37186e-01
 -2.728000000000e-04, -4.17085e-01
 -2.702400000000e-04, -4.17085e-01
 -2.676800000000e-04, -4.37186e-01
 -2.651200000000e-04, -3.76884e-01
 -2.625600000000e-04, -3.96985e-01
 -2.600000000000e-04, -3.96985e-01
 -2.574400000000e-04, -3.76884e-01
 -2.548800000000e-04, -3.96985e-01
 -2.523200000000e-04, -3.76884e-01
 -2.497600000000e-04, -3.76884e-01
 -2.472000000000e-04, -3.76884e-01
 -2.446400000000e-04, -3.96985e-01
 -2.420800000000e-04, -3.76884e-01
 -2.395200000000e-04, -3.56784e-01
 -2.369600000000e-04, -3.76884e-01
 -2.344000000000e-04, -3.76884e-01
 -2.318400000000e-04, -3.76884e-01
 -2.292800000000e-04, -3.76884e-01
 -2.267200000000e-04, -3.76884e-01
 -2.241600000000e-04, -3.56784e-01
 -2.216000000000e-04, -3.56784e-01
 -2.190400000000e-04, -3.76884e-01
 -2.164800000000e-04, -3.56784e-01
 -2.139200000000e-04, -3.56784e-01
 -2.113600000000e-04, -3.36683e-01
 -2.088000000000e-04, -3.36683e-01
 -2.062400000000e-04, -3.36683e-01
 -2.036800000000e-04, -3.56784e-01
 -2.011200000000e-04, -3.36683e-01
 -1.985600000000e-04, -3.36683e-01
 -1.960000000000e-04, -3.36683e-01
 -1.934400000000e-04, -3.16583e-01
 -1.908800000000e-04, -3.36683e-01
 -1.883200000000e-04, -3.36683e-01
 -1.857600000000e-04, -3.36683e-01
 -1.832000000000e-04, -3.36683e-01
 -1.806400000000e-04, -3.36683e-01
 -1.780800000000e-04, -3.16583e-01
 -1.755200000000e-04, -3.56784e-01
 -1.729600000000e-04, -3.56784e-01
 -1.704000000000e-04, -3.56784e-01
 -1.678400000000e-04, -3.16583e-01
 -1.652800000000e-04, -3.36683e-01
 -1.627200000000e-04, -3.16583e-01
 -1.601600000000e-04, -3.36683e-01
 -1.576000000000e-04, -3.16583e-01
 -1.550400000000e-04, -3.16583e-01
 -1.524800000000e-04, -3.16583e-01
 -1.499200000000e-04, -3.36683e-01
 -1.473600000000e-04, -3.36683e-01
 -1.448000000000e-04, -2.96482e-01
 -1.422400000000e-04, -2.96482e-01
 -1.396800000000e-04, -2.96482e-01
 -1.371200000000e-04, -3.16583e-01
 -1.345600000000e-04, -2.76382e-01
 -1.320000000000e-04, -3.16583e-01
 -1.294400000000e-04, -3.16583e-01
 -1.268800000000e-04, -3.16583e-01
 -1.243200000000e-04, -3.36683e-01
 -1.217600000000e-04, -2.96482e-01
 -1.192000000000e-04, -3.16583e-01
 -1.166400000000e-04, -2.96482e-01
 -1.140800000000e-04, -2.96482e-01
 -1.115200000000e-04, -3.16583e-01
 -1.089600000000e-04, -2.96482e-01
 -1.064000000000e-04, -3.16583e-01
 -1.038400000000e-04, -2.96482e-01
 -1.012800000000e-04, -2.96482e-01
 -9.872000000000e-05, -2.96482e-01
 -9.616000000000e-05, -2.96482e-01
 -9.360000000000e-05, -3.16583e-01
 -9.104000000000e-05, -3.16583e-01
 -8.848000000000e-05, -3.16583e-01
 -8.592000000000e-05, -3.16583e-01
 -8.336000000000e-05, -3.16583e-01
 -8.080000000000e-05, -3.16583e-01
 -7.824000000000e-05, -3.16583e-01
 -7.568000000000e-05, -2.96482e-01
 -7.312000000000e-05, -2.96482e-01
 -7.056000000000e-05, -2.96482e-01
 -6.800000000000e-05, -2.96482e-01
 -6.544000000000e-05, -3.16583e-01
 -6.288000000000e-05, -2.96482e-01
 -6.032000000000e-05, -2.76382e-01
 -5.776000000000e-05, -2.96482e-01
 -5.520000000000e-05, -3.16583e-01
 -5.264000000000e-05, -2.96482e-01
 -5.008000000000e-05, -2.96482e-01
 -4.752000000000e-05, -2.96482e-01
 -4.496000000000e-05, -3.16583e-01
 -4.240000000000e-05, -2.96482e-01
 -3.984000000000e-05, -2.96482e-01
 -3.728000000000e-05, -3.16583e-01
 -3.472000000000e-05, -3.16583e-01
 -3.216000000000e-05, -3.36683e-01
 -2.960000000000e-05, -3.16583e-01
 -2.704000000000e-05, -3.36683e-01
 -2.448000000000e-05, -2.96482e-01
 -2.192000000000e-05, -3.16583e-01
 -1.936000000000e-05, -3.16583e-01
 -1.680000000000e-05, -3.16583e-01
 -1.424000000000e-05, -3.16583e-01
 -1.168000000000e-05, -3.36683e-01
 -9.120000000000e-06, -3.16583e-01
 -6.560000000000e-06, -2.96482e-01
 -4.000000000000e-06, -3.16583e-01
 -1.440000000000e-06, -3.56784e-01
  1.120000000000e-06,  6.88442e-01
  3.680000000000e-06,  6.68342e-01
  6.240000000000e-06,  6.88442e-01
  8.800000000000e-06,  6.88442e-01
  1.136000000000e-05,  6.88442e-01
  1.392000000000e-05,  6.68342e-01
  1.648000000000e-05,  6.48241e-01
  1.904000000000e-05,  6.48241e-01
  2.160000000000e-05,  6.48241e-01
  2.416000000000e-05,  6.48241e-01
  2.672000000000e-05,  6.28141e-01
  2.928000000000e-05,  6.48241e-01
  3.184000000000e-05,  6.48241e-01
  3.440000000000e-05,  6.28141e-01
  3.696000000000e-05,  6.48241e-01
  3.952000000000e-05,  6.28141e-01
  4.208000000000e-05,  6.08040e-01
  4.464000000000e-05,  6.48241e-01
  4.720000000000e-05,  6.08040e-01
  4.976000000000e-05,  6.08040e-01
  5.232000000000e-05,  6.08040e-01
  5.488000000000e-05,  5.87940e-01
  5.744000000000e-05,  6.08040e-01
  6.000000000000e-05,  5.87940e-01
  6.256000000000e-05,  5.87940e-01
  6.512000000000e-05,  5.67839e-01
  6.768000000000e-05,  5.87940e-01
  7.024000000000e-05,  5.87940e-01
  7.280000000000e-05,  5.87940e-01
  7.536000000000e-05,  5.67839e-01
  7.792000000000e-05,  5.67839e-01
  8.048000000000e-05,  5.47739e-01
  8.304000000000e-05,  5.67839e-01
  8.560000000000e-05,  5.67839e-01
  8.816000000000e-05,  5.67839e-01
  9.072000000000e-05,  5.67839e-01
  9.328000000000e-05,  5.67839e-01
  9.584000000000e-05,  5.47739e-01
  9.840000000000e-05,  5.47739e-01
  1.009600000000e-04,  5.27638e-01
  1.035200000000e-04,  5.27638e-01
  1.060800000000e-04,  5.07538e-01
  1.086400000000e-04,  5.27638e-01
  1.112000000000e-04,  5.27638e-01
  1.137600000000e-04,  5.27638e-01
  1.163200000000e-04,  5.07538e-01
  1.188800000000e-04,  5.27638e-01
  1.214400000000e-04,  5.27638e-01
  1.240000000000e-04,  5.07538e-01
  1.265600000000e-04,  4.87437e-01
  1.291200000000e-04,  5.07538e-01
  1.316800000000e-04,  5.07538e-01
  1.342400000000e-04,  4.67337e-01
  1.368000000000e-04,  4.87437e-01
  1.393600000000e-04,  5.07538e-01
  1.419200000000e-04,  4.87437e-01
  1.444800000000e-04,  4.87437e-01
  1.470400000000e-04,  4.67337e-01
  1.496000000000e-04,  4.67337e-01
  1.521600000000e-04,  4.67337e-01
  1.547200000000e-04,  4.67337e-01
  1.572800000000e-04,  4.67337e-01
  1.598400000000e-04,  4.67337e-01
  1.624000000000e-04,  4.47236e-01
  1.649600000000e-04,  4.47236e-01
  1.675200000000e-04,  4.47236e-01
  1.700800000000e-04,  4.27136e-01
  1.726400000000e-04,  4.47236e-01
  1.752000000000e-04,  4.27136e-01
  1.777600000000e-04,  4.47236e-01
  1.803200000000e-04,  4.07035e-01
  1.828800000000e-04,  4.27136e-01
  1.854400000000e-04,  4.27136e-01
  1.880000000000e-04,  3.86935e-01
  1.905600000000e-04,  4.27136e-01
  1.931200000000e-04,  4.27136e-01
  1.956800000000e-04,  4.27136e-01
  1.982400000000e-04,  3.86935e-01
  2.008000000000e-04,  3.86935e-01
  2.033600000000e-04,  3.86935e-01
  2.059200000000e-04,  3.86935e-01
  2.084800000000e-04,  3.86935e-01
  2.110400000000e-04,  3.86935e-01
  2.136000000000e-04,  3.86935e-01
  2.161600000000e-04,  3.66834e-01
  2.187200000000e-04,  4.07035e-01
  2.212800000000e-04,  3.66834e-01
  2.238400000000e-04,  3.86935e-01
  2.264000000000e-04,  3.66834e-01
  2.289600000000e-04,  3.66834e-01
  2.315200000000e-04,  3.66834e-01
  2.340800000000e-04,  3.86935e-01
  2.366400000000e-04,  3.66834e-01
  2.392000000000e-04,  3.66834e-01
  2.417600000000e-04,  3.46734e-01
  2.443200000000e-04,  3.66834e-01
  2.468800000000e-04,  3.46734e-01
  2.494400000000e-04,  3.66834e-01
  2.520000000000e-04,  3.46734e-01
  2.545600000000e-04,  3.46734e-01
  2.571200000000e-04,  3.46734e-01
  2.596800000000e-04,  3.26633e-01
  2.622400000000e-04,  3.26633e-01
  2.648000000000e-04,  3.26633e-01
  2.673600000000e-04,  3.46734e-01
  2.699200000000e-04,  3.26633e-01
  2.724800000000e-04,  3.26633e-01
  2.750400000000e-04,  3.26633e-01
  2.776000000000e-04,  3.26633e-01
  2.801600000000e-04,  3.46734e-01
  2.827200000000e-04,  3.26633e-01
  2.852800000000e-04,  3.26633e-01
  2.878400000000e-04,  3.06533e-01
  2.904000000000e-04,  3.06533e-01
  2.929600000000e-04,  3.26633e-01
  2.955200000000e-04,  3.26633e-01
  2.980800000000e-04,  3.26633e-01
  3.006400000000e-04,  3.06533e-01
  3.032000000000e-04,  3.46734e-01
  3.057600000000e-04,  3.26633e-01
  3.083200000000e-04,  2.86432e-01
  3.108800000000e-04,  2.86432e-01
  3.134400000000e-04,  3.06533e-01
  3.160000000000e-04,  3.06533e-01
  3.185600000000e-04,  3.06533e-01
  3.211200000000e-04,  3.06533e-01
  3.236800000000e-04,  2.86432e-01
  3.262400000000e-04,  3.06533e-01
  3.288000000000e-04,  2.66332e-01
  3.313600000000e-04,  3.06533e-01
  3.339200000000e-04,  3.06533e-01
  3.364800000000e-04,  2.86432e-01
  3.390400000000e-04,  2.86432e-01
  3.416000000000e-04,  2.86432e-01
  3.441600000000e-04,  2.66332e-01
  3.467200000000e-04,  2.66332e-01
  3.492800000000e-04,  2.86432e-01
  3.518400000000e-04,  2.66332e-01
  3.544000000000e-04,  2.66332e-01
  3.569600000000e-04,  2.86432e-01
  3.595200000000e-04,  2.86432e-01
  3.620800000000e-04,  2.86432e-01
  3.646400000000e-04,  2.66332e-01
  3.672000000000e-04,  2.86432e-01
  3.697600000000e-04,  2.86432e-01
  3.723200000000e-04,  2.66332e-01
  3.748800000000e-04,  2.86432e-01
  3.774400000000e-04,  2.66332e-01
  3.800000000000e-04,  2.86432e-01
  3.825600000000e-04,  2.86432e-01
  3.851200000000e-04,  2.86432e-01
  3.876800000000e-04,  2.46231e-01
  3.902400000000e-04,  2.66332e-01
  3.928000000000e-04,  2.86432e-01
  3.953600000000e-04,  2.86432e-01
  3.979200000000e-04,  2.66332e-01
  4.004800000000e-04,  2.66332e-01
  4.030400000000e-04,  2.66332e-01
  4.056000000000e-04,  2.66332e-01
  4.081600000000e-04,  2.66332e-01
  4.107200000000e-04,  2.86432e-01
  4.132800000000e-04,  2.86432e-01
  4.158400000000e-04,  2.66332e-01
  4.184000000000e-04,  2.66332e-01
  4.209600000000e-04,  2.86432e-01
  4.235200000000e-04,  2.46231e-01
  4.260800000000e-04,  2.86432e-01
  4.286400000000e-04,  2.66332e-01
  4.312000000000e-04,  2.66332e-01
  4.337600000000e-04,  2.86432e-01
  4.363200000000e-04,  2.66332e-01
  4.388800000000e-04,  2.66332e-01
  4.414400000000e-04,  2.86432e-01
  4.440000000000e-04,  2.66332e-01
  4.465600000000e-04,  2.66332e-01
  4.491200000000e-04,  2.86432e-01
  4.516800000000e-04,  2.66332e-01
  4.542400000000e-04,  2.66332e-01
  4.568000000000e-04,  2.46231e-01
  4.593600000000e-04,  2.86432e-01
  4.619200000000e-04,  2.86432e-01
  4.644800000000e-04,  2.86432e-01
  4.670400000000e-04,  2.86432e-01
  4.696000000000e-04,  2.86432e-01
  4.721600000000e-04,  2.86432e-01
  4.747200000000e-04,  3.06533e-01
  4.772800000000e-04,  2.66332e-01
  4.798400000000e-04,  2.66332e-01
  4.824000000000e-04,  3.06533e-01
  4.849600000000e-04,  2.86432e-01
  4.875200000000e-04,  2.86432e-01
  4.900800000000e-04,  3.06533e-01
  4.926400000000e-04,  2.86432e-01
  4.952000000000e-04,  3.06533e-01
  4.977600000000e-04,  2.86432e-01
  5.003200000000e-04, -7.18593e-01
  5.028800000000e-04, -7.18593e-01
  5.054400000000e-04, -6.98492e-01
  5.080000000000e-04, -7.38693e-01
  5.105600000000e-04, -6.98492e-01
  5.131200000000e-04, -6.98492e-01
  5.156800000000e-04, -7.18593e-01
  5.182400000000e-04, -7.18593e-01
  5.208000000000e-04, -6.98492e-01
  5.233600000000e-04, -6.98492e-01
  5.259200000000e-04, -6.78392e-01
  5.284800000000e-04, -6.78392e-01
  5.310400000000e-04, -6.78392e-01
  5.336000000000e-04, -6.58291e-01
  5.361600000000e-04, -6.78392e-01
  5.387200000000e-04, -6.58291e-01
  5.412800000000e-04, -6.78392e-01
  5.438400000000e-04, -6.78392e-01
  5.464000000000e-04, -6.78392e-01
  5.489600000000e-04, -6.58291e-01
  5.515200000000e-04, -6.58291e-01
  5.540800000000e-04, -6.58291e-01
  5.566400000000e-04, -6.38191e-01
  5.592000000000e-04, -6.58291e-01
  5.617600000000e-04, -6.38191e-01
  5.643200000000e-04, -6.38191e-01
  5.668800000000e-04, -6.18090e-01
  5.694400000000e-04, -6.18090e-01
  5.720000000000e-04, -6.18090e-01
  5.745600000000e-04, -6.38191e-01
  5.771200000000e-04, -5.97990e-01
  5.796800000000e-04, -6.18090e-01
  5.822400000000e-04, -6.18090e-01
  5.848000000000e-04, -5.77889e-01
  5.873600000000e-04, -5.97990e-01
  5.899200000000e-04, -5.97990e-01
  5.924800000000e-04, -5.97990e-01
  5.950400000000e-04, -5.77889e-01
  5.976000000000e-04, -5.77889e-01
  6.001600000000e-04, -5.57789e-01
  6.027200000000e-04, -5.57789e-01
  6.052800000000e-04, -5.57789e-01
  6.078400000000e-04, -5.77889e-01
  6.104000000000e-04, -5.57789e-01
  6.129600000000e-04, -5.37688e-01
  6.155200000000e-04, -5.57789e-01
  6.180800000000e-04, -5.57789e-01
  6.206400000000e-04, -5.37688e-01
  6.232000000000e-04, -5.37688e-01
  6.257600000000e-04, -5.17588e-01
  6.283200000000e-04, -5.57789e-01
  6.308800000000e-04, -5.37688e-01
  6.334400000000e-04, -5.17588e-01
  6.360000000000e-04, -5.37688e-01
  6.385600000000e-04, -5.17588e-01
  6.411200000000e-04, -4.97487e-01
  6.436800000000e-04, -5.17588e-01
  6.462400000000e-04, -4.97487e-01
  6.488000000000e-04, -4.97487e-01
  6.513600000000e-04, -4.97487e-01
  6.539200000000e-04, -4.97487e-01
  6.564800000000e-04, -4.97487e-01
  6.590400000000e-04, -4.77387e-01
  6.616000000000e-04, -4.97487e-01
  6.641600000000e-04, -4.77387e-01
  6.667200000000e-04, -4.77387e-01
  6.692800000000e-04, -4.77387e-01
  6.718400000000e-04, -4.77387e-01
  6.744000000000e-04, -4.57286e-01
  6.769600000000e-04, -4.57286e-01
  6.795200000000e-04, -4.77387e-01
  6.820800000000e-04, -4.57286e-01
  6.846400000000e-04, -4.57286e-01
  6.872000000000e-04, -4.57286e-01
  6.897600000000e-04, -4.57286e-01
  6.923200000000e-04, -4.37186e-01
  6.948800000000e-04, -4.37186e-01
  6.974400000000e-04, -4.37186e-01
  7.000000000000e-04, -4.37186e-01
  7.025600000000e-04, -4.57286e-01
  7.051200000000e-04, -4.37186e-01
  7.076800000000e-04, -4.17085e-01
  7.102400000000e-04, -4.37186e-01
  7.128000000000e-04, -4.37186e-01
  7.153600000000e-04, -4.17085e-01
  7.179200000000e-04, -4.17085e-01
  7.204800000000e-04, -4.17085e-01
  7.230400000000e-04, -3.96985e-01
  7.256000000000e-04, -4.17085e-01
  7.281600000000e-04, -4.17085e-01
  7.307200000000e-04, -3.76884e-01
  7.332800000000e-04, -3.96985e-01
  7.358400000000e-04, -3.76884e-01
  7.384000000000e-04, -4.17085e-01
  7.409600000000e-04, -3.96985e-01
  7.435200000000e-04, -4.17085e-01
  7.460800000000e-04, -3.76884e-01
  7.486400000000e-04, -3.96985e-01
  7.512000000000e-04, -3.96985e-01
  7.537600000000e-04, -3.76884e-01
  7.563200000000e-04, -3.96985e-01
  7.588800000000e-04, -3.56784e-01
  7.614400000000e-04, -3.56784e-01
  7.640000000000e-04, -3.76884e-01
  7.665600000000e-04, -3.76884e-01
  7.691200000000e-04, -3.76884e-01
  7.716800000000e-04, -3.56784e-01
  7.742400000000e-04, -3.76884e-01
  7.768000000000e-04, -3.76884e-01
  7.793600000000e-04, -3.76884e-01
  7.819200000000e-04, -3.56784e-01
  7.844800000000e-04, -3.56784e-01
  7.870400000000e-04, -3.56784e-01
  7.896000000000e-04, -3.36683e-01
  7.921600000000e-04, -3.36683e-01
  7.947200000000e-04, -3.56784e-01
  7.972800000000e-04, -3.56784e-01
  7.998400000000e-04, -3.56784e-01
  8.024000000000e-04, -3.36683e-01
  8.049600000000e-04, -3.36683e-01
  8.075200000000e-04, -3.56784e-01
  8.100800000000e-04, -3.36683e-01
  8.126400000000e-04, -3.36683e-01
  8.152000000000e-04, -3.36683e-01
  8.177600000000e-04, -3.36683e-01
  8.203200000000e-04, -3.16583e-01
  8.228800000000e-04, -3.36683e-01
  8.254400000000e-04, -3.36683e-01
  8.280000000000e-04, -3.36683e-01
  8.305600000000e-04, -3.56784e-01
  8.331200000000e-04, -3.16583e-01
  8.356800000000e-04, -3.36683e-01
  8.382400000000e-04, -3.36683e-01
  8.408000000000e-04, -3.36683e-01
  8.433600000000e-04, -2.96482e-01
  8.459200000000e-04, -3.36683e-01
  8.484800000000e-04, -3.36683e-01
  8.510400000000e-04, -3.16583e-01
  8.536000000000e-04, -3.16583e-01
  8.561600000000e-04, -3.16583e-01
  8.587200000000e-04, -3.16583e-01
  8.612800000000e-04, -3.16583e-01
  8.638400000000e-04, -3.16583e-01
  8.664000000000e-04, -3.16583e-01
  8.689600000000e-04, -3.16583e-01
  8.715200000000e-04, -3.16583e-01
  8.740800000000e-04, -3.16583e-01
  8.766400000000e-04, -2.96482e-01
  8.792000000000e-04, -2.96482e-01
  8.817600000000e-04, -3.16583e-01
  8.843200000000e-04, -3.16583e-01
  8.868800000000e-04, -3.36683e-01
  8.894400000000e-04, -3.36683e-01
  8.920000000000e-04, -3.16583e-01
  8.945600000000e-04, -3.16583e-01
  8.971200000000e-04, -3.16583e-01
  8.996800000000e-04, -3.16583e-01
  9.022400000000e-04, -3.16583e-01
  9.048000000000e-04, -2.96482e-01
  9.073600000000e-04, -3.36683e-01
  9.099200000000e-04, -2.96482e-01
  9.124800000000e-04, -3.16583e-01
  9.150400000000e-04, -3.16583e-01
  9.176000000000e-04, -2.96482e-01
  9.201600000000e-04, -2.96482e-01
  9.227200000000e-04, -3.36683e-01
  9.252800000000e-04, -3.16583e-01
  9.278400000000e-04, -2.96482e-01
  9.304000000000e-04, -3.36683e-01
  9.329600000000e-04, -2.96482e-01
  9.355200000000e-04, -3.16583e-01
  9.380800000000e-04, -3.16583e-01
  9.406400000000e-04, -3.16583e-01
  9.432000000000e-04, -3.16583e-01
  9.457600000000e-04, -3.16583e-01
  9.483200000000e-04, -3.16583e-01
  9.508800000000e-04, -3.16583e-01
  9.534400000000e-04, -3.36683e-01
  9.560000000000e-04, -3.16583e-01
  9.585600000000e-04, -2.96482e-01
  9.611200000000e-04, -3.36683e-01
  9.636800000000e-04, -3.16583e-01
  9.662400000000e-04, -3.16583e-01
  9.688000000000e-04, -3.16583e-01
  9.713600000000e-04, -2.96482e-01
  9.739200000000e-04, -2.96482e-01
  9.764800000000e-04, -3.36683e-01
  9.790400000000e-04, -2.96482e-01
  9.816000000000e-04, -2.96482e-01
  9.841600000000e-04, -3.16583e-01
  9.867200000000e-04, -3.16583e-01
  9.892800000000e-04, -3.36683e-01
  9.918400000000e-04, -3.16583e-01
  9.944000000000e-04, -3.16583e-01
  9.969600000000e-04, -2.96482e-01
  9.995200000000e-04, -3.16583e-01
  1.002080000000e-03,  6.88442e-01
  1.004640000000e-03,  6.88442e-01
  1.007200000000e-03,  6.68342e-01
  1.009760000000e-03,  6.88442e-01
  1.012320000000e-03,  6.48241e-01
  1.014880000000e-03,  6.48241e-01
  1.017440000000e-03,  6.68342e-01
  1.020000000000e-03,  6.68342e-01
  1.022560000000e-03,  6.48241e-01
  1.025120000000e-03,  6.68342e-01
  1.027680000000e-03,  6.48241e-01
  1.030240000000e-03,  6.48241e-01
  1.032800000000e-03,  6.68342e-01
  1.035360000000e-03,  6.48241e-01
  1.037920000000e-03,  6.28141e-01
  1.040480000000e-03,  6.28141e-01
  1.043040000000e-03,  6.28141e-01
  1.045600000000e-03,  6.28141e-01
  1.048160000000e-03,  5.87940e-01
  1.050720000000e-03,  6.28141e-01
  1.053280000000e-03,  6.28141e-01
  1.055840000000e-03,  5.87940e-01
  1.058400000000e-03,  6.08040e-01
  1.060960000000e-03,  5.67839e-01
  1.063520000000e-03,  5.87940e-01
  1.066080000000e-03,  5.87940e-01
  1.068640000000e-03,  6.08040e-01
  1.071200000000e-03,  5.87940e-01
  1.073760000000e-03,  5.87940e-01
  1.076320000000e-03,  5.87940e-01
  1.078880000000e-03,  5.67839e-01
  1.081440000000e-03,  5.87940e-01
  1.084000000000e-03,  5.67839e-01
  1.086560000000e-03,  5.67839e-01
  1.089120000000e-03,  5.67839e-01
  1.091680000000e-03,  5.47739e-01
  1.094240000000e-03,  5.27638e-01
  1.096800000000e-03,  5.47739e-01
  1.099360000000e-03,  5.47739e-01
  1.101920000000e-03,  5.47739e-01
  1.104480000000e-03,  5.07538e-01
  1.107040000000e-03,  5.27638e-01
  1.109600000000e-03,  5.27638e-01
  1.112160000000e-03,  5.27638e-01
  1.114720000000e-03,  5.27638e-01
  1.117280000000e-03,  5.07538e-01
  1.119840000000e-03,  5.27638e-01
  1.122400000000e-03,  4.87437e-01
  1.124960000000e-03,  4.87437e-01
  1.127520000000e-03,  4.87437e-01
  1.130080000000e-03,  4.87437e-01
  1.132640000000e-03,  5.07538e-01
  1.135200000000e-03,  4.67337e-01
  1.137760000000e-03,  4.87437e-01
  1.140320000000e-03,  4.87437e-01
  1.142880000000e-03,  4.67337e-01
  1.145440000000e-03,  4.47236e-01
  1.148000000000e-03,  4.87437e-01
  1.150560000000e-03,  4.67337e-01
  1.153120000000e-03,  4.47236e-01
  1.155680000000e-03,  4.27136e-01
  1.158240000000e-03,  4.47236e-01
  1.160800000000e-03,  4.67337e-01
  1.163360000000e-03,  4.27136e-01
  1.165920000000e-03,  4.67337e-01
  1.168480000000e-03,  4.47236e-01
  1.171040000000e-03,  4.47236e-01
  1.173600000000e-03,  4.47236e-01
  1.176160000000e-03,  4.27136e-01
  1.178720000000e-03,  4.47236e-01
  1.181280000000e-03,  4.27136e-01
  1.183840000000e-03,  4.27136e-01
  1.186400000000e-03,  4.07035e-01
  1.188960000000e-03,  4.27136e-01
  1.191520000000e-03,  4.07035e-01
  1.194080000000e-03,  3.86935e-01
  1.196640000000e-03,  4.47236e-01
  1.199200000000e-03,  4.27136e-01
  1.201760000000e-03,  4.07035e-01
  1.204320000000e-03,  4.07035e-01
  1.206880000000e-03,  4.07035e-01
  1.209440000000e-03,  3.86935e-01
  1.212000000000e-03,  4.07035e-01
  1.214560000000e-03,  3.86935e-01
  1.217120000000e-03,  3.86935e-01
  1.219680000000e-03,  3.86935e-01
  1.222240000000e-03,  3.66834e-01
  1.224800000000e-03,  3.66834e-01
  1.227360000000e-03,  3.66834e-01
  1.229920000000e-03,  3.66834e-01
  1.232480000000e-03,  3.66834e-01
  1.235040000000e-03,  3.66834e-01
  1.237600000000e-03,  3.66834e-01
  1.240160000000e-03,  3.26633e-01
  1.242720000000e-03,  3.66834e-01
  1.245280000000e-03,  3.66834e-01
  1.247840000000e-03,  3.46734e-01
  1.250400000000e-03,  3.66834e-01
  1.252960000000e-03,  3.26633e-01
  1.255520000000e-03,  3.66834e-01
  1.258080000000e-03,  3.46734e-01
  1.260640000000e-03,  3.26633e-01
  1.263200000000e-03,  3.46734e-01
  1.265760000000e-03,  3.46734e-01
  1.268320000000e-03,  3.46734e-01
  1.270880000000e-03,  3.26633e-01
  1.273440000000e-03,  3.46734e-01
  1.276000000000e-03,  3.06533e-01
  1.278560000000e-03,  3.26633e-01
  1.281120000000e-03,  3.26633e-01
  1.283680000000e-03,  3.26633e-01
  1.286240000000e-03,  3.06533e-01
  1.288800000000e-03,  3.26633e-01
  1.291360000000e-03,  3.06533e-01
  1.293920000000e-03,  3.06533e-01
  1.296480000000e-03,  3.06533e-01
  1.299040000000e-03,  3.06533e-01
  1.301600000000e-03,  3.06533e-01
  1.304160000000e-03,  3.26633e-01
  1.306720000000e-03,  3.06533e-01
  1.309280000000e-03,  2.86432e-01
  1.311840000000e-03,  3.06533e-01
  1.314400000000e-03,  3.06533e-01
  1.316960000000e-03,  2.86432e-01
  1.319520000000e-03,  3.06533e-01
  1.322080000000e-03,  3.06533e-01
  1.324640000000e-03,  3.26633e-01
  1.327200000000e-03,  2.86432e-01
  1.329760000000e-03,  2.86432e-01
  1.332320000000e-03,  2.86432e-01
  1.334880000000e-03,  2.86432e-01
  1.337440000000e-03,  2.86432e-01
  1.340000000000e-03,  2.86432e-01
  1.342560000000e-03,  2.86432e-01
  1.345120000000e-03,  2.86432e-01
  1.347680000000e-03,  2.86432e-01
  1.350240000000e-03,  2.86432e-01
  1.352800000000e-03,  3.06533e-01
  1.355360000000e-03,  2.86432e-01
  1.357920000000e-03,  2.66332e-01
  1.360480000000e-03,  2.86432e-01
  1.363040000000e-03,  2.86432e-01
  1.365600000000e-03,  2.86432e-01
  1.368160000000e-03,  3.06533e-01
  1.370720000000e-03,  2.86432e-01
  1.373280000000e-03,  2.66332e-01
  1.375840000000e-03,  2.66332e-01
  1.378400000000e-03,  2.66332e-01
  1.380960000000e-03,  2.46231e-01
  1.383520000000e-03,  2.66332e-01
  1.386080000000e-03,  2.66332e-01
  1.388640000000e-03,  2.66332e-01
  1.391200000000e-03,  2.66332e-01
  1.393760000000e-03,  2.46231e-01
  1.396320000000e-03,  2.46231e-01
  1.398880000000e-03,  2.86432e-01
  1.401440000000e-03,  2.66332e-01
  1.404000000000e-03,  2.66332e-01
  1.406560000000e-03,  2.86432e-01
  1.409120000000e-03,  2.66332e-01
  1.411680000000e-03,  2.66332e-01
  1.414240000000e-03,  2.66332e-01
  1.416800000000e-03,  2.86432e-01
  1.419360000000e-03,  2.86432e-01
  1.421920000000e-03,  2.66332e-01
  1.424480000000e-03,  2.66332e-01
  1.427040000000e-03,  2.86432e-01
  1.429600000000e-03,  2.66332e-01
  1.432160000000e-03,  2.86432e-01
  1.434720000000e-03,  2.66332e-01
  1.437280000000e-03,  2.66332e-01
  1.439840000000e-03,  2.66332e-01
  1.442400000000e-03,  2.66332e-01
  1.444960000000e-03,  2.66332e-01
  1.447520000000e-03,  2.86432e-01
  1.450080000000e-03,  2.66332e-01
  1.452640000000e-03,  2.86432e-01
  1.455200000000e-03,  2.66332e-01
  1.457760000000e-03,  2.66332e-01
  1.460320000000e-03,  2.66332e-01
  1.462880000000e-03,  2.66332e-01
  1.465440000000e-03,  2.86432e-01
  1.468000000000e-03,  2.86432e-01
  1.470560000000e-03,  2.86432e-01
  1.473120000000e-03,  2.86432e-01
  1.475680000000e-03,  2.66332e-01
  1.478240000000e-03,  2.66332e-01
  1.480800000000e-03,  2.86432e-01
  1.483360000000e-03,  2.66332e-01
  1.485920000000e-03,  2.86432e-01
  1.488480000000e-03,  2.86432e-01
  1.491040000000e-03,  2.86432e-01
  1.493600000000e-03,  2.66332e-01
  1.496160000000e-03,  2.66332e-01
  1.498720000000e-03,  2.66332e-01
  1.501280000000e-03, -7.38693e-01
  1.503840000000e-03, -7.18593e-01
  1.506400000000e-03, -6.98492e-01
  1.508960000000e-03, -7.38693e-01
  1.511520000000e-03, -7.38693e-01
  1.514080000000e-03, -7.18593e-01
  1.516640000000e-03, -7.18593e-01
  1.519200000000e-03, -7.18593e-01
  1.521760000000e-03, -6.98492e-01
  1.524320000000e-03, -6.98492e-01
  1.526880000000e-03, -7.18593e-01
  1.529440000000e-03, -6.78392e-01
  1.532000000000e-03, -6.98492e-01
  1.534560000000e-03, -6.78392e-01
  1.537120000000e-03, -6.78392e-01
  1.539680000000e-03, -6.98492e-01
  1.542240000000e-03, -6.58291e-01
  1.544800000000e-03, -6.58291e-01
  1.547360000000e-03, -6.38191e-01
  1.549920000000e-03, -6.38191e-01
  1.552480000000e-03, -6.58291e-01
  1.555040000000e-03, -6.38191e-01
  1.557600000000e-03, -6.58291e-01
  1.560160000000e-03, -6.38191e-01
  1.562720000000e-03, -6.38191e-01
  1.565280000000e-03, -6.38191e-01
  1.567840000000e-03, -6.38191e-01
  1.570400000000e-03, -6.18090e-01
  1.572960000000e-03, -6.38191e-01
  1.575520000000e-03, -5.97990e-01
  1.578080000000e-03, -5.97990e-01
  1.580640000000e-03, -6.18090e-01
  1.583200000000e-03, -5.97990e-01
  1.585760000000e-03, -6.18090e-01
  1.588320000000e-03, -5.97990e-01
  1.590880000000e-03, -5.97990e-01
  1.593440000000e-03, -5.77889e-01
  1.596000000000e-03, -5.97990e-01
  1.598560000000e-03, -5.77889e-01
  1.601120000000e-03, -5.97990e-01
  1.603680000000e-03, -5.57789e-01
  1.606240000000e-03, -5.77889e-01
  1.608800000000e-03, -5.77889e-01
  1.611360000000e-03, -5.57789e-01
  1.613920000000e-03, -5.57789e-01
  1.616480000000e-03, -5.57789e-01
  1.619040000000e-03, -5.17588e-01
  1.621600000000e-03, -5.57789e-01
  1.624160000000e-03, -5.17588e-01
  1.626720000000e-03, -5.37688e-01
  1.629280000000e-03, -4.97487e-01
  1.631840000000e-03, -5.17588e-01
  1.634400000000e-03, -5.17588e-01
  1.636960000000e-03, -5.17588e-01
  1.639520000000e-03, -5.17588e-01
  1.642080000000e-03, -5.37688e-01
  1.644640000000e-03, -5.17588e-01
  1.647200000000e-03, -5.17588e-01
  1.649760000000e-03, -4.97487e-01
  1.652320000000e-03, -4.97487e-01
  1.654880000000e-03, -5.37688e-01
  1.657440000000e-03, -4.97487e-01
  1.660000000000e-03, -4.97487e-01
  1.662560000000e-03, -4.77387e-01
  1.665120000000e-03, -4.97487e-01
  1.667680000000e-03, -4.57286e-01
  1.670240000000e-03, -4.77387e-01
  1.672800000000e-03, -4.57286e-01
  1.675360000000e-03, -4.57286e-01
  1.677920000000e-03, -4.57286e-01
  1.680480000000e-03, -4.77387e-01
  1.683040000000e-03, -4.57286e-01
  1.685600000000e-03, -4.57286e-01
  1.688160000000e-03, -4.57286e-01
  1.690720000000e-03, -4.57286e-01
  1.693280000000e-03, -4.57286e-01
  1.695840000000e-03, -4.57286e-01
  1.698400000000e-03, -4.37186e-01
  1.700960000000e-03, -4.37186e-01
  1.703520000000e-03, -4.57286e-01
  1.706080000000e-03, -4.37186e-01
  1.708640000000e-03, -4.37186e-01
  1.711200000000e-03, -4.17085e-01
  1.713760000000e-03, -4.17085e-01
  1.716320000000e-03, -4.37186e-01
  1.718880000000e-03, -4.37186e-01
  1.721440000000e-03, -4.17085e-01
  1.724000000000e-03, -4.37186e-01
  1.726560000000e-03, -4.17085e-01
  1.729120000000e-03, -4.17085e-01
  1.731680000000e-03, -4.17085e-01
  1.734240000000e-03, -4.17085e-01
  1.736800000000e-03, -3.96985e-01
  1.739360000000e-03, -3.96985e-01
  1.741920000000e-03, -3.96985e-01
  1.744480000000e-03, -3.76884e-01
  1.747040000000e-03, -3.76884e-01
  1.749600000000e-03, -3.96985e-01
  1.752160000000e-03, -3.76884e-01
  1.754720000000e-03, -3.96985e-01
  1.757280000000e-03, -3.96985e-01
  1.759840000000e-03, -3.76884e-01
  1.762400000000e-03, -3.96985e-01
  1.764960000000e-03, -3.76884e-01
  1.767520000000e-03, -3.76884e-01
  1.770080000000e-03, -3.56784e-01
  1.772640000000e-03, -3.76884e-01
  1.775200000000e-03, -3.76884e-01
  1.777760000000e-03, -3.56784e-01
  1.780320000000e-03, -3.56784e-01
  1.782880000000e-03, -3.56784e-01
  1.785440000000e-03, -3.76884e-01
  1.788000000000e-03, -3.36683e-01
  1.790560000000e-03, -3.76884e-01
  1.793120000000e-03, -3.56784e-01
  1.795680000000e-03, -3.36683e-01
  1.798240000000e-03, -3.56784e-01
  1.800800000000e-03, -3.36683e-01
  1.803360000000e-03, -3.36683e-01
  1.805920000000e-03, -3.56784e-01
  1.808480000000e-03, -3.56784e-01
  1.811040000000e-03, -3.36683e-01
  1.813600000000e-03, -3.36683e-01
  1.816160000000e-03, -3.56784e-01
  1.818720000000e-03, -3.16583e-01
  1.821280000000e-03, -3.56784e-01
  1.823840000000e-03, -3.16583e-01
  1.826400000000e-03, -3.36683e-01
  1.828960000000e-03, -3.56784e-01
  1.831520000000e-03, -3.36683e-01
  1.834080000000e-03, -3.36683e-01
  1.836640000000e-03, -3.36683e-01
  1.839200000000e-03, -3.16583e-01
  1.841760000000e-03, -3.16583e-01
  1.844320000000e-03, -3.16583e-01
  1.846880000000e-03, -3.16583e-01
  1.849440000000e-03, -3.16583e-01
  1.852000000000e-03, -3.16583e-01
  1.854560000000e-03, -3.16583e-01
  1.857120000000e-03, -3.16583e-01
  1.859680000000e-03, -3.36683e-01
  1.862240000000e-03, -2.96482e-01
  1.864800000000e-03, -3.16583e-01
  1.867360000000e-03, -3.16583e-01
  1.869920000000e-03, -3.16583e-01
  1.872480000000e-03, -3.16583e-01
  1.875040000000e-03, -2.96482e-01
  1.877600000000e-03, -2.96482e-01
  1.880160000000e-03, -3.16583e-01
  1.882720000000e-03, -3.36683e-01
  1.885280000000e-03, -2.96482e-01
  1.887840000000e-03, -3.16583e-01
  1.890400000000e-03, -2.96482e-01
  1.892960000000e-03, -2.96482e-01
  1.895520000000e-03, -3.36683e-01
  1.898080000000e-03, -3.16583e-01
  1.900640000000e-03, -2.96482e-01
  1.903200000000e-03, -2.96482e-01
  1.905760000000e-03, -2.96482e-01
  1.908320000000e-03, -2.76382e-01
  1.910880000000e-03, -2.96482e-01
  1.913440000000e-03, -3.16583e-01
  1.916000000000e-03, -2.96482e-01
  1.918560000000e-03, -2.96482e-01
  1.921120000000e-03, -3.16583e-01
  1.923680000000e-03, -2.96482e-01
  1.926240000000e-03, -3.16583e-01
  1.928800000000e-03, -2.96482e-01
  1.931360000000e-03, -3.16583e-01
  1.933920000000e-03, -2.96482e-01
  1.936480000000e-03, -3.36683e-01
  1.939040000000e-03, -3.16583e-01
  1.941600000000e-03, -3.16583e-01
  1.944160000000e-03, -2.96482e-01
  1.946720000000e-03, -3.16583e-01
  1.949280000000e-03, -2.96482e-01
  1.951840000000e-03, -2.96482e-01
  1.954400000000e-03, -3.16583e-01
  1.956960000000e-03, -3.16583e-01
  1.959520000000e-03, -2.96482e-01
  1.962080000000e-03, -3.16583e-01
  1.964640000000e-03, -3.36683e-01
  1.967200000000e-03, -2.96482e-01
  1.969760000000e-03, -3.16583e-01
  1.972320000000e-03, -3.16583e-01
  1.974880000000e-03, -3.16583e-01
  1.977440000000e-03, -3.36683e-01
  1.980000000000e-03, -3.16583e-01
  1.982560000000e-03, -3.36683e-01
  1.985120000000e-03, -3.16583e-01
  1.987680000000e-03, -3.16583e-01
  1.990240000000e-03, -3.16583e-01
  1.992800000000e-03, -3.16583e-01
  1.995360000000e-03, -2.96482e-01
  1.997920000000e-03, -3.36683e-01
  2.000480000000e-03,  6.68342e-01
  2.003040000000e-03,  6.88442e-01
  2.005600000000e-03,  6.68342e-01
  2.008160000000e-03,  6.88442e-01
  2.010720000000e-03,  6.48241e-01
  2.013280000000e-03,  6.88442e-01
  2.015840000000e-03,  6.48241e-01
  2.018400000000e-03,  6.28141e-01
  2.020960000000e-03,  6.48241e-01
  2.023520000000e-03,  6.48241e-01
  2.026080000000e-03,  6.48241e-01
  2.028640000000e-03,  6.48241e-01
  2.031200000000e-03,  6.28141e-01
  2.033760000000e-03,  6.48241e-01
  2.036320000000e-03,  6.28141e-01
  2.038880000000e-03,  6.28141e-01
  2.041440000000e-03,  6.08040e-01
  2.044000000000e-03,  6.28141e-01
  2.046560000000e-03,  6.08040e-01
  2.049120000000e-03,  6.08040e-01
  2.051680000000e-03,  6.08040e-01
  2.054240000000e-03,  6.08040e-01
  2.056800000000e-03,  6.08040e-01
  2.059360000000e-03,  6.08040e-01
  2.061920000000e-03,  5.87940e-01
  2.064480000000e-03,  5.87940e-01
  2.067040000000e-03,  6.08040e-01
  2.069600000000e-03,  5.87940e-01
  2.072160000000e-03,  5.67839e-01
  2.074720000000e-03,  5.87940e-01
  2.077280000000e-03,  5.67839e-01
  2.079840000000e-03,  5.67839e-01
  2.082400000000e-03,  5.47739e-01
  2.084960000000e-03,  5.47739e-01
  2.087520000000e-03,  5.67839e-01
  2.090080000000e-03,  5.67839e-01
  2.092640000000e-03,  5.47739e-01
  2.095200000000e-03,  5.67839e-01
  2.097760000000e-03,  5.27638e-01
  2.100320000000e-03,  5.27638e-01
  2.102880000000e-03,  5.27638e-01
  2.105440000000e-03,  5.47739e-01
  2.108000000000e-03,  5.27638e-01
  2.110560000000e-03,  5.47739e-01
  2.113120000000e-03,  5.07538e-01
  2.115680000000e-03,  5.27638e-01
  2.118240000000e-03,  5.47739e-01
  2.120800000000e-03,  5.07538e-01
  2.123360000000e-03,  5.07538e-01
  2.125920000000e-03,  5.07538e-01
  2.128480000000e-03,  4.67337e-01
  2.131040000000e-03,  5.07538e-01
  2.133600000000e-03,  5.07538e-01
  2.136160000000e-03,  4.87437e-01
  2.138720000000e-03,  5.07538e-01
  2.141280000000e-03,  4.67337e-01
  2.143840000000e-03,  4.67337e-01
  2.146400000000e-03,  4.87437e-01
  2.148960000000e-03,  4.87437e-01
  2.151520000000e-03,  4.67337e-01
  2.154080000000e-03,  4.47236e-01
  2.156640000000e-03,  4.47236e-01
  2.159200000000e-03,  4.67337e-01
  2.161760000000e-03,  4.47236e-01
  2.164320000000e-03,  4.67337e-01
  2.166880000000e-03,  4.47236e-01
  2.169440000000e-03,  4.47236e-01
  2.172000000000e-03,  4.27136e-01
  2.174560000000e-03,  4.47236e-01
  2.177120000000e-03,  4.27136e-01
  2.179680000000e-03,  4.47236e-01
  2.182240000000e-03,  4.07035e-01
  2.184800000000e-03,  4.47236e-01
  2.187360000000e-03,  4.27136e-01
  2.189920000000e-03,  4.27136e-01
  2.192480000000e-03,  3.86935e-01
  2.195040000000e-03,  4.07035e-01
  2.197600000000e-03,  4.07035e-01
  2.200160000000e-03,  4.07035e-01
  2.202720000000e-03,  3.86935e-01
  2.205280000000e-03,  4.27136e-01
  2.207840000000e-03,  4.07035e-01
  2.210400000000e-03,  3.86935e-01
  2.212960000000e-03,  3.86935e-01
  2.215520000000e-03,  3.86935e-01
  2.218080000000e-03,  3.86935e-01
  2.220640000000e-03,  3.86935e-01
  2.223200000000e-03,  3.86935e-01
  2.225760000000e-03,  4.07035e-01
  2.228320000000e-03,  3.86935e-01
  2.230880000000e-03,  3.66834e-01
  2.233440000000e-03,  3.86935e-01
  2.236000000000e-03,  3.66834e-01
  2.238560000000e-03,  3.66834e-01
  2.241120000000e-03,  3.66834e-01
  2.243680000000e-03,  3.46734e-01
  2.246240000000e-03,  3.66834e-01
  2.248800000000e-03,  3.46734e-01
  2.251360000000e-03,  3.66834e-01
  2.253920000000e-03,  3.46734e-01
  2.256480000000e-03,  3.26633e-01
  2.259040000000e-03,  3.26633e-01
  2.261600000000e-03,  3.66834e-01
  2.264160000000e-03,  3.46734e-01
  2.266720000000e-03,  3.46734e-01
  2.269280000000e-03,  3.26633e-01
  2.271840000000e-03,  3.46734e-01
  2.274400000000e-03,  3.26633e-01
  2.276960000000e-03,  3.06533e-01
  2.279520000000e-03,  3.26633e-01
  2.282080000000e-03,  3.06533e-01
  2.284640000000e-03,  3.46734e-01
  2.287200000000e-03,  3.06533e-01
  2.289760000000e-03,  3.26633e-01
  2.292320000000e-03,  3.06533e-01
  2.294880000000e-03,  3.06533e-01
  2.297440000000e-03,  3.06533e-01
  2.300000000000e-03,  3.06533e-01
  2.302560000000e-03,  3.06533e-01
  2.305120000000e-03,  3.06533e-01
  2.307680000000e-03,  3.26633e-01
  2.310240000000e-03,  2.86432e-01
  2.312800000000e-03,  3.06533e-01
  2.315360000000e-03,  2.66332e-01
  2.317920000000e-03,  3.06533e-01
  2.320480000000e-03,  3.06533e-01
  2.323040000000e-03,  3.06533e-01
  2.325600000000e-03,  3.06533e-01
  2.328160000000e-03,  2.86432e-01
  2.330720000000e-03,  2.86432e-01
  2.333280000000e-03,  2.86432e-01
  2.335840000000e-03,  3.06533e-01
  2.338400000000e-03,  2.86432e-01
  2.340960000000e-03,  2.86432e-01
  2.343520000000e-03,  3.06533e-01
  2.346080000000e-03,  3.06533e-01
  2.348640000000e-03,  2.86432e-01
  2.351200000000e-03,  2.86432e-01
  2.353760000000e-03,  2.86432e-01
  2.356320000000e-03,  2.86432e-01
  2.358880000000e-03,  2.86432e-01
  2.361440000000e-03,  2.86432e-01
  2.364000000000e-03,  2.86432e-01
  2.366560000000e-03,  2.86432e-01
  2.369120000000e-03,  2.86432e-01
  2.371680000000e-03,  2.86432e-01
  2.374240000000e-03,  2.66332e-01
  2.376800000000e-03,  2.86432e-01
  2.379360000000e-03,  2.66332e-01
  2.381920000000e-03,  2.46231e-01
  2.384480000000e-03,  2.66332e-01
  2.387040000000e-03,  2.66332e-01
  2.389600000000e-03,  2.86432e-01
  2.392160000000e-03,  2.66332e-01
  2.394720000000e-03,  2.66332e-01
  2.397280000000e-03,  2.66332e-01
  2.399840000000e-03,  2.86432e-01
  2.402400000000e-03,  2.46231e-01
  2.404960000000e-03,  2.66332e-01
  2.407520000000e-03,  2.66332e-01
  2.410080000000e-03,  2.66332e-01
  2.412640000000e-03,  2.66332e-01
  2.415200000000e-03,  2.86432e-01
  2.417760000000e-03,  2.66332e-01
  2.420320000000e-03,  3.06533e-01
  2.422880000000e-03,  2.66332e-01
  2.425440000000e-03,  2.46231e-01
  2.428000000000e-03,  2.86432e-01
  2.430560000000e-03,  2.86432e-01
  2.433120000000e-03,  2.86432e-01
  2.435680000000e-03,  2.86432e-01
  2.438240000000e-03,  2.86432e-01
  2.440800000000e-03,  2.86432e-01
  2.443360000000e-03,  2.66332e-01
  2.445920000000e-03,  2.66332e-01
  2.448480000000e-03,  2.46231e-01
  2.451040000000e-03,  2.86432e-01
  2.453600000000e-03,  2.66332e-01
  2.456160000000e-03,  2.86432e-01
  2.458720000000e-03,  2.66332e-01
  2.461280000000e-03,  2.86432e-01
  2.463840000000e-03,  2.86432e-01
  2.466400000000e-03,  2.86432e-01
  2.468960000000e-03,  2.66332e-01
  2.471520000000e-03,  2.86432e-01
  2.474080000000e-03,  2.66332e-01
  2.476640000000e-03,  2.86432e-01
  2.479200000000e-03,  2.66332e-01
  2.481760000000e-03,  2.86432e-01
  2.484320000000e-03,  2.86432e-01
  2.486880000000e-03,  2.86432e-01
  2.489440000000e-03,  3.06533e-01
  2.492000000000e-03,  2.86432e-01
  2.494560000000e-03,  3.06533e-01
  2.497120000000e-03,  3.06533e-01