x-axis,2
second,Volt
 -5.000000000000e+00,  8.34372e-01
 -4.994880000000e+00,  8.34372e-01
 -4.989760000000e+00,  8.34372e-01
 -4.984640000000e+00,  8.34372e-01
 -4.979520000000e+00,  8.34372e-01
 -4.974400000000e+00,  8.34372e-01
 -4.969280000000e+00,  8.34372e-01
 -4.964160000000e+00,  8.34372e-01
 -4.959040000000e+00,  9.14774e-01
 -4.953920000000e+00,  8.74573e-01
 -4.948800000000e+00,  8.74573e-01
 -4.943680000000e+00,  8.34372e-01
 -4.938560000000e+00,  8.74573e-01
 -4.933440000000e+00,  8.74573e-01
 -4.928320000000e+00,  8.74573e-01
 -4.923200000000e+00,  8.74573e-01
 -4.918080000000e+00,  9.14774e-01
 -4.912960000000e+00,  9.14774e-01
 -4.907840000000e+00,  9.14774e-01
 -4.902720000000e+00,  9.14774e-01
 -4.897600000000e+00,  9.54975e-01
 -4.892480000000e+00,  9.14774e-01
 -4.887360000000e+00,  9.14774e-01
 -4.882240000000e+00,  9.14774e-01
 -4.877120000000e+00,  9.14774e-01
 -4.872000000000e+00,  9.14774e-01
 -4.866880000000e+00,  9.54975e-01
 -4.861760000000e+00,  9.14774e-01
 -4.856640000000e+00,  9.54975e-01
 -4.851520000000e+00,  9.54975e-01
 -4.846400000000e+00,  9.54975e-01
 -4.841280000000e+00,  9.54975e-01
 -4.836160000000e+00,  9.54975e-01
 -4.831040000000e+00,  9.95176e-01
 -4.825920000000e+00,  9.54975e-01
 -4.820800000000e+00,  9.95176e-01
 -4.815680000000e+00,  9.95176e-01
 -4.810560000000e+00,  9.95176e-01
 -4.805440000000e+00,  9.54975e-01
 -4.800320000000e+00,  9.54975e-01
 -4.795200000000e+00,  9.95176e-01
 -4.790080000000e+00,  9.95176e-01
 -4.784960000000e+00,  1.03538e+00
 -4.779840000000e+00,  9.95176e-01
 -4.774720000000e+00,  9.95176e-01
 -4.769600000000e+00,  9.95176e-01
 -4.764480000000e+00,  9.95176e-01
 -4.759360000000e+00,  9.95176e-01
 -4.754240000000e+00,  9.95176e-01
 -4.749120000000e+00,  9.95176e-01
 -4.744000000000e+00,  1.03538e+00
 -4.738880000000e+00,  9.95176e-01
 -4.733760000000e+00,  1.03538e+00
 -4.728640000000e+00,  1.03538e+00
 -4.723520000000e+00,  1.03538e+00
 -4.718400000000e+00,  9.95176e-01
 -4.713280000000e+00,  9.95176e-01
 -4.708160000000e+00,  9.95176e-01
 -4.703040000000e+00,  9.95176e-01
 -4.697920000000e+00,  1.03538e+00
 -4.692800000000e+00,  9.95176e-01
 -4.687680000000e+00,  9.95176e-01
 -4.682560000000e+00,  9.95176e-01
 -4.677440000000e+00,  1.03538e+00
 -4.672320000000e+00,  1.03538e+00
 -4.667200000000e+00,  1.03538e+00
 -4.662080000000e+00,  1.03538e+00
 -4.656960000000e+00,  1.03538e+00
 -4.651840000000e+00,  1.03538e+00
 -4.646720000000e+00,  1.03538e+00
 -4.641600000000e+00,  1.03538e+00
 -4.636480000000e+00,  9.95176e-01
 -4.631360000000e+00,  1.07558e+00
 -4.626240000000e+00,  1.03538e+00
 -4.621120000000e+00,  1.07558e+00
 -4.616000000000e+00,  1.03538e+00
 -4.610880000000e+00,  1.03538e+00
 -4.605760000000e+00,  1.07558e+00
 -4.600640000000e+00,  1.03538e+00
 -4.595520000000e+00,  1.03538e+00
 -4.590400000000e+00,  1.03538e+00
 -4.585280000000e+00,  1.07558e+00
 -4.580160000000e+00,  1.03538e+00
 -4.575040000000e+00,  1.03538e+00
 -4.569920000000e+00,  1.07558e+00
 -4.564800000000e+00,  1.03538e+00
 -4.559680000000e+00,  1.07558e+00
 -4.554560000000e+00,  1.07558e+00
 -4.549440000000e+00,  1.07558e+00
 -4.544320000000e+00,  1.03538e+00
 -4.539200000000e+00,  1.03538e+00
 -4.534080000000e+00,  1.07558e+00
 -4.528960000000e+00,  1.03538e+00
 -4.523840000000e+00,  1.07558e+00
 -4.518720000000e+00,  1.07558e+00
 -4.513600000000e+00,  1.07558e+00
 -4.508480000000e+00,  1.03538e+00
 -4.503360000000e+00,  1.07558e+00
 -4.498240000000e+00,  1.07558e+00
 -4.493120000000e+00,  1.07558e+00
 -4.488000000000e+00,  1.07558e+00
 -4.482880000000e+00,  1.07558e+00
 -4.477760000000e+00,  1.07558e+00
 -4.472640000000e+00,  1.07558e+00
 -4.467520000000e+00,  1.11578e+00
 -4.462400000000e+00,  1.07558e+00
 -4.457280000000e+00,  1.07558e+00
 -4.452160000000e+00,  1.07558e+00
 -4.447040000000e+00,  1.07558e+00
 -4.441920000000e+00,  1.03538e+00
 -4.436800000000e+00,  1.07558e+00
 -4.431680000000e+00,  1.07558e+00
 -4.426560000000e+00,  1.07558e+00
 -4.421440000000e+00,  1.07558e+00
 -4.416320000000e+00,  1.07558e+00
 -4.411200000000e+00,  1.07558e+00
 -4.406080000000e+00,  1.07558e+00
 -4.400960000000e+00,  1.07558e+00
 -4.395840000000e+00,  1.11578e+00
 -4.390720000000e+00,  1.07558e+00
 -4.385600000000e+00,  1.07558e+00
 -4.380480000000e+00,  1.07558e+00
 -4.375360000000e+00,  1.07558e+00
 -4.370240000000e+00,  1.07558e+00
 -4.365120000000e+00,  1.07558e+00
 -4.360000000000e+00,  1.07558e+00
 -4.354880000000e+00,  1.11578e+00
 -4.349760000000e+00,  1.07558e+00
 -4.344640000000e+00,  1.11578e+00
 -4.339520000000e+00,  1.07558e+00
 -4.334400000000e+00,  1.11578e+00
 -4.329280000000e+00,  1.07558e+00
 -4.324160000000e+00,  1.11578e+00
 -4.319040000000e+00,  1.07558e+00
 -4.313920000000e+00,  1.07558e+00
 -4.308800000000e+00,  1.11578e+00
 -4.303680000000e+00,  1.07558e+00
 -4.298560000000e+00,  1.07558e+00
 -4.293440000000e+00,  1.03538e+00
 -4.288320000000e+00,  1.11578e+00
 -4.283200000000e+00,  1.11578e+00
 -4.278080000000e+00,  1.07558e+00
 -4.272960000000e+00,  1.03538e+00
 -4.267840000000e+00,  1.07558e+00
 -4.262720000000e+00,  1.03538e+00
 -4.257600000000e+00,  1.03538e+00
 -4.252480000000e+00,  9.54975e-01
 -4.247360000000e+00,  9.95176e-01
 -4.242240000000e+00,  9.14774e-01
 -4.237120000000e+00,  9.14774e-01
 -4.232000000000e+00,  9.14774e-01
 -4.226880000000e+00,  9.14774e-01
 -4.221760000000e+00,  8.74573e-01
 -4.216640000000e+00,  8.34372e-01
 -4.211520000000e+00,  8.34372e-01
 -4.206400000000e+00,  8.34372e-01
 -4.201280000000e+00,  7.94171e-01
 -4.196160000000e+00,  7.94171e-01
 -4.191040000000e+00,  7.94171e-01
 -4.185920000000e+00,  7.13769e-01
 -4.180800000000e+00,  7.13769e-01
 -4.175680000000e+00,  7.13769e-01
 -4.170560000000e+00,  7.13769e-01
 -4.165440000000e+00,  7.13769e-01
 -4.160320000000e+00,  6.33367e-01
 -4.155200000000e+00,  6.33367e-01
 -4.150080000000e+00,  6.33367e-01
 -4.144960000000e+00,  6.33367e-01
 -4.139840000000e+00,  5.93166e-01
 -4.134720000000e+00,  5.93166e-01
 -4.129600000000e+00,  5.52965e-01
 -4.124480000000e+00,  5.93166e-01
 -4.119360000000e+00,  5.52965e-01
 -4.114240000000e+00,  5.52965e-01
 -4.109120000000e+00,  5.12764e-01
 -4.104000000000e+00,  5.12764e-01
 -4.098880000000e+00,  5.52965e-01
 -4.093760000000e+00,  4.72563e-01
 -4.088640000000e+00,  5.12764e-01
 -4.083520000000e+00,  4.72563e-01
 -4.078400000000e+00,  4.72563e-01
 -4.073280000000e+00,  4.32362e-01
 -4.068160000000e+00,  4.32362e-01
 -4.063040000000e+00,  4.32362e-01
 -4.057920000000e+00,  4.32362e-01
 -4.052800000000e+00,  4.32362e-01
 -4.047680000000e+00,  4.32362e-01
 -4.042560000000e+00,  3.92161e-01
 -4.037440000000e+00,  3.92161e-01
 -4.032320000000e+00,  3.92161e-01
 -4.027200000000e+00,  3.92161e-01
 -4.022080000000e+00,  3.92161e-01
 -4.016960000000e+00,  3.51960e-01
 -4.011840000000e+00,  3.51960e-01
 -4.006720000000e+00,  3.11759e-01
 -4.001600000000e+00,  3.11759e-01
 -3.996480000000e+00,  3.11759e-01
 -3.991360000000e+00,  3.11759e-01
 -3.986240000000e+00,  3.11759e-01
 -3.981120000000e+00,  3.11759e-01
 -3.976000000000e+00,  2.71558e-01
 -3.970880000000e+00,  3.11759e-01
 -3.965760000000e+00,  2.71558e-01
 -3.960640000000e+00,  2.71558e-01
 -3.955520000000e+00,  3.11759e-01
 -3.950400000000e+00,  3.11759e-01
 -3.945280000000e+00,  2.71558e-01
 -3.940160000000e+00,  2.31357e-01
 -3.935040000000e+00,  2.31357e-01
 -3.929920000000e+00,  2.31357e-01
 -3.924800000000e+00,  2.31357e-01
 -3.919680000000e+00,  2.71558e-01
 -3.914560000000e+00,  1.91156e-01
 -3.909440000000e+00,  2.31357e-01
 -3.904320000000e+00,  2.31357e-01
 -3.899200000000e+00,  2.31357e-01
 -3.894080000000e+00,  1.91156e-01
 -3.888960000000e+00,  1.91156e-01
 -3.883840000000e+00,  1.91156e-01
 -3.878720000000e+00,  2.31357e-01
 -3.873600000000e+00,  1.91156e-01
 -3.868480000000e+00,  2.31357e-01
 -3.863360000000e+00,  1.91156e-01
 -3.858240000000e+00,  1.50955e-01
 -3.853120000000e+00,  1.91156e-01
 -3.848000000000e+00,  1.50955e-01
 -3.842880000000e+00,  1.50955e-01
 -3.837760000000e+00,  1.50955e-01
 -3.832640000000e+00,  1.50955e-01
 -3.827520000000e+00,  1.91156e-01
 -3.822400000000e+00,  1.50955e-01
 -3.817280000000e+00,  1.91156e-01
 -3.812160000000e+00,  1.10754e-01
 -3.807040000000e+00,  1.50955e-01
 -3.801920000000e+00,  1.10754e-01
 -3.796800000000e+00,  1.50955e-01
 -3.791680000000e+00,  1.50955e-01
 -3.786560000000e+00,  1.10754e-01
 -3.781440000000e+00,  1.50955e-01
 -3.776320000000e+00,  1.10754e-01
 -3.771200000000e+00,  1.10754e-01
 -3.766080000000e+00,  1.10754e-01
 -3.760960000000e+00,  1.50955e-01
 -3.755840000000e+00,  1.10754e-01
 -3.750720000000e+00,  1.10754e-01
 -3.745600000000e+00,  7.05528e-02
 -3.740480000000e+00,  1.10754e-01
 -3.735360000000e+00,  1.10754e-01
 -3.730240000000e+00,  1.10754e-01
 -3.725120000000e+00,  7.05528e-02
 -3.720000000000e+00,  1.10754e-01
 -3.714880000000e+00,  7.05528e-02
 -3.709760000000e+00,  7.05528e-02
 -3.704640000000e+00,  7.05528e-02
 -3.699520000000e+00,  7.05528e-02
 -3.694400000000e+00,  1.10754e-01
 -3.689280000000e+00,  7.05528e-02
 -3.684160000000e+00,  1.10754e-01
 -3.679040000000e+00,  1.10754e-01
 -3.673920000000e+00,  7.05528e-02
 -3.668800000000e+00,  3.03519e-02
 -3.663680000000e+00,  7.05528e-02
 -3.658560000000e+00,  7.05528e-02
 -3.653440000000e+00,  3.03519e-02
 -3.648320000000e+00,  7.05528e-02
 -3.643200000000e+00,  3.03519e-02
 -3.638080000000e+00,  3.03519e-02
 -3.632960000000e+00,  3.03519e-02
 -3.627840000000e+00,  3.03519e-02
 -3.622720000000e+00,  3.03519e-02
 -3.617600000000e+00,  7.05528e-02
 -3.612480000000e+00,  3.03519e-02
 -3.607360000000e+00,  3.03519e-02
 -3.602240000000e+00,  7.05528e-02
 -3.597120000000e+00,  3.03519e-02
 -3.592000000000e+00,  7.05528e-02
 -3.586880000000e+00,  7.05528e-02
 -3.581760000000e+00,  3.03519e-02
 -3.576640000000e+00,  7.05528e-02
 -3.571520000000e+00,  3.03519e-02
 -3.566400000000e+00,  3.03519e-02
 -3.561280000000e+00,  3.03519e-02
 -3.556160000000e+00,  3.03519e-02
 -3.551040000000e+00,  7.05528e-02
 -3.545920000000e+00,  3.03519e-02
 -3.540800000000e+00,  3.03519e-02
 -3.535680000000e+00,  7.05528e-02
 -3.530560000000e+00,  3.03519e-02
 -3.525440000000e+00,  7.05528e-02
 -3.520320000000e+00,  3.03519e-02
 -3.515200000000e+00,  3.03519e-02
 -3.510080000000e+00,  3.03519e-02
 -3.504960000000e+00, -9.84919e-03
 -3.499840000000e+00,  3.03519e-02
 -3.494720000000e+00,  3.03519e-02
 -3.489600000000e+00,  3.03519e-02
 -3.484480000000e+00,  3.03519e-02
 -3.479360000000e+00,  3.03519e-02
 -3.474240000000e+00,  3.03519e-02
 -3.469120000000e+00, -9.84919e-03
 -3.464000000000e+00,  3.03519e-02
 -3.458880000000e+00,  7.05528e-02
 -3.453760000000e+00,  7.05528e-02
 -3.448640000000e+00,  3.03519e-02
 -3.443520000000e+00,  3.03519e-02
 -3.438400000000e+00, -9.84919e-03
 -3.433280000000e+00,  3.03519e-02
 -3.428160000000e+00,  3.03519e-02
 -3.423040000000e+00,  3.03519e-02
 -3.417920000000e+00,  7.05528e-02
 -3.412800000000e+00,  3.03519e-02
 -3.407680000000e+00,  7.05528e-02
 -3.402560000000e+00,  1.10754e-01
 -3.397440000000e+00,  1.10754e-01
 -3.392320000000e+00,  1.10754e-01
 -3.387200000000e+00,  1.91156e-01
 -3.382080000000e+00,  1.91156e-01
 -3.376960000000e+00,  1.91156e-01
 -3.371840000000e+00,  1.91156e-01
 -3.366720000000e+00,  2.31357e-01
 -3.361600000000e+00,  2.31357e-01
 -3.356480000000e+00,  2.31357e-01
 -3.351360000000e+00,  3.11759e-01
 -3.346240000000e+00,  3.11759e-01
 -3.341120000000e+00,  3.11759e-01
 -3.336000000000e+00,  3.51960e-01
 -3.330880000000e+00,  3.51960e-01
 -3.325760000000e+00,  3.92161e-01
 -3.320640000000e+00,  3.92161e-01
 -3.315520000000e+00,  3.92161e-01
 -3.310400000000e+00,  3.92161e-01
 -3.305280000000e+00,  3.92161e-01
 -3.300160000000e+00,  4.32362e-01
 -3.295040000000e+00,  4.72563e-01
 -3.289920000000e+00,  5.12764e-01
 -3.284800000000e+00,  5.12764e-01
 -3.279680000000e+00,  4.72563e-01
 -3.274560000000e+00,  5.12764e-01
 -3.269440000000e+00,  5.52965e-01
 -3.264320000000e+00,  5.12764e-01
 -3.259200000000e+00,  5.52965e-01
 -3.254080000000e+00,  5.52965e-01
 -3.248960000000e+00,  5.93166e-01
 -3.243840000000e+00,  5.93166e-01
 -3.238720000000e+00,  5.93166e-01
 -3.233600000000e+00,  5.93166e-01
 -3.228480000000e+00,  5.93166e-01
 -3.223360000000e+00,  6.33367e-01
 -3.218240000000e+00,  6.33367e-01
 -3.213120000000e+00,  6.73568e-01
 -3.208000000000e+00,  6.33367e-01
 -3.202880000000e+00,  6.73568e-01
 -3.197760000000e+00,  6.73568e-01
 -3.192640000000e+00,  6.73568e-01
 -3.187520000000e+00,  6.73568e-01
 -3.182400000000e+00,  7.13769e-01
 -3.177280000000e+00,  7.13769e-01
 -3.172160000000e+00,  7.13769e-01
 -3.167040000000e+00,  7.13769e-01
 -3.161920000000e+00,  7.13769e-01
 -3.156800000000e+00,  7.53970e-01
 -3.151680000000e+00,  7.53970e-01
 -3.146560000000e+00,  7.53970e-01
 -3.141440000000e+00,  7.53970e-01
 -3.136320000000e+00,  7.94171e-01
 -3.131200000000e+00,  7.94171e-01
 -3.126080000000e+00,  7.53970e-01
 -3.120960000000e+00,  7.94171e-01
 -3.115840000000e+00,  8.34372e-01
 -3.110720000000e+00,  7.94171e-01
 -3.105600000000e+00,  8.34372e-01
 -3.100480000000e+00,  7.94171e-01
 -3.095360000000e+00,  7.94171e-01
 -3.090240000000e+00,  8.34372e-01
 -3.085120000000e+00,  8.34372e-01
 -3.080000000000e+00,  8.34372e-01
 -3.074880000000e+00,  8.34372e-01
 -3.069760000000e+00,  8.74573e-01
 -3.064640000000e+00,  8.74573e-01
 -3.059520000000e+00,  8.34372e-01
 -3.054400000000e+00,  8.74573e-01
 -3.049280000000e+00,  8.34372e-01
 -3.044160000000e+00,  8.74573e-01
 -3.039040000000e+00,  9.14774e-01
 -3.033920000000e+00,  8.74573e-01
 -3.028800000000e+00,  9.14774e-01
 -3.023680000000e+00,  9.14774e-01
 -3.018560000000e+00,  8.74573e-01
 -3.013440000000e+00,  9.14774e-01
 -3.008320000000e+00,  8.74573e-01
 -3.003200000000e+00,  9.54975e-01
 -2.998080000000e+00,  9.14774e-01
 -2.992960000000e+00,  9.14774e-01
 -2.987840000000e+00,  9.14774e-01
 -2.982720000000e+00,  9.14774e-01
 -2.977600000000e+00,  9.14774e-01
 -2.972480000000e+00,  9.54975e-01
 -2.967360000000e+00,  9.14774e-01
 -2.962240000000e+00,  9.54975e-01
 -2.957120000000e+00,  9.54975e-01
 -2.952000000000e+00,  9.54975e-01
 -2.946880000000e+00,  9.95176e-01
 -2.941760000000e+00,  9.14774e-01
 -2.936640000000e+00,  9.54975e-01
 -2.931520000000e+00,  9.54975e-01
 -2.926400000000e+00,  9.95176e-01
 -2.921280000000e+00,  9.95176e-01
 -2.916160000000e+00,  9.95176e-01
 -2.911040000000e+00,  9.54975e-01
 -2.905920000000e+00,  9.54975e-01
 -2.900800000000e+00,  9.95176e-01
 -2.895680000000e+00,  9.95176e-01
 -2.890560000000e+00,  9.95176e-01
 -2.885440000000e+00,  9.95176e-01
 -2.880320000000e+00,  9.95176e-01
 -2.875200000000e+00,  9.54975e-01
 -2.870080000000e+00,  9.95176e-01
 -2.864960000000e+00,  9.95176e-01
 -2.859840000000e+00,  9.95176e-01
 -2.854720000000e+00,  1.03538e+00
 -2.849600000000e+00,  9.95176e-01
 -2.844480000000e+00,  9.95176e-01
 -2.839360000000e+00,  9.95176e-01
 -2.834240000000e+00,  9.95176e-01
 -2.829120000000e+00,  1.03538e+00
 -2.824000000000e+00,  1.03538e+00
 -2.818880000000e+00,  1.03538e+00
 -2.813760000000e+00,  1.03538e+00
 -2.808640000000e+00,  1.03538e+00
 -2.803520000000e+00,  9.95176e-01
 -2.798400000000e+00,  1.03538e+00
 -2.793280000000e+00,  1.03538e+00
 -2.788160000000e+00,  9.95176e-01
 -2.783040000000e+00,  1.03538e+00
 -2.777920000000e+00,  1.03538e+00
 -2.772800000000e+00,  1.03538e+00
 -2.767680000000e+00,  1.03538e+00
 -2.762560000000e+00,  1.03538e+00
 -2.757440000000e+00,  1.07558e+00
 -2.752320000000e+00,  1.03538e+00
 -2.747200000000e+00,  1.03538e+00
 -2.742080000000e+00,  1.03538e+00
 -2.736960000000e+00,  1.03538e+00
 -2.731840000000e+00,  1.03538e+00
 -2.726720000000e+00,  1.07558e+00
 -2.721600000000e+00,  1.03538e+00
 -2.716480000000e+00,  1.03538e+00
 -2.711360000000e+00,  1.03538e+00
 -2.706240000000e+00,  1.03538e+00
 -2.701120000000e+00,  1.07558e+00
 -2.696000000000e+00,  1.03538e+00
 -2.690880000000e+00,  1.03538e+00
 -2.685760000000e+00,  1.07558e+00
 -2.680640000000e+00,  1.03538e+00
 -2.675520000000e+00,  1.03538e+00
 -2.670400000000e+00,  1.07558e+00
 -2.665280000000e+00,  1.07558e+00
 -2.660160000000e+00,  1.03538e+00
 -2.655040000000e+00,  1.03538e+00
 -2.649920000000e+00,  1.07558e+00
 -2.644800000000e+00,  1.07558e+00
 -2.639680000000e+00,  1.07558e+00
 -2.634560000000e+00,  1.07558e+00
 -2.629440000000e+00,  1.07558e+00
 -2.624320000000e+00,  1.07558e+00
 -2.619200000000e+00,  1.07558e+00
 -2.614080000000e+00,  1.07558e+00
 -2.608960000000e+00,  1.07558e+00
 -2.603840000000e+00,  1.07558e+00
 -2.598720000000e+00,  1.03538e+00
 -2.593600000000e+00,  1.07558e+00
 -2.588480000000e+00,  1.07558e+00
 -2.583360000000e+00,  1.11578e+00
 -2.578240000000e+00,  1.07558e+00
 -2.573120000000e+00,  1.03538e+00
 -2.568000000000e+00,  1.07558e+00
 -2.562880000000e+00,  1.07558e+00
 -2.557760000000e+00,  1.07558e+00
 -2.552640000000e+00,  1.07558e+00
 -2.547520000000e+00,  1.03538e+00
 -2.542400000000e+00,  1.07558e+00
 -2.537280000000e+00,  1.07558e+00
 -2.532160000000e+00,  1.03538e+00
 -2.527040000000e+00,  1.03538e+00
 -2.521920000000e+00,  9.95176e-01
 -2.516800000000e+00,  9.95176e-01
 -2.511680000000e+00,  9.54975e-01
 -2.506560000000e+00,  9.95176e-01
 -2.501440000000e+00,  9.14774e-01
 -2.496320000000e+00,  9.14774e-01
 -2.491200000000e+00,  8.74573e-01
 -2.486080000000e+00,  8.74573e-01
 -2.480960000000e+00,  8.74573e-01
 -2.475840000000e+00,  8.34372e-01
 -2.470720000000e+00,  8.34372e-01
 -2.465600000000e+00,  7.94171e-01
 -2.460480000000e+00,  7.53970e-01
 -2.455360000000e+00,  7.53970e-01
 -2.450240000000e+00,  7.53970e-01
 -2.445120000000e+00,  7.13769e-01
 -2.440000000000e+00,  7.13769e-01
 -2.434880000000e+00,  7.13769e-01
 -2.429760000000e+00,  6.73568e-01
 -2.424640000000e+00,  6.73568e-01
 -2.419520000000e+00,  6.33367e-01
 -2.414400000000e+00,  6.33367e-01
 -2.409280000000e+00,  6.33367e-01
 -2.404160000000e+00,  6.33367e-01
 -2.399040000000e+00,  5.93166e-01
 -2.393920000000e+00,  5.52965e-01
 -2.388800000000e+00,  5.93166e-01
 -2.383680000000e+00,  5.93166e-01
 -2.378560000000e+00,  5.52965e-01
 -2.373440000000e+00,  5.52965e-01
 -2.368320000000e+00,  5.12764e-01
 -2.363200000000e+00,  4.72563e-01
 -2.358080000000e+00,  5.12764e-01
 -2.352960000000e+00,  4.72563e-01
 -2.347840000000e+00,  5.12764e-01
 -2.342720000000e+00,  4.72563e-01
 -2.337600000000e+00,  4.72563e-01
 -2.332480000000e+00,  4.72563e-01
 -2.327360000000e+00,  4.32362e-01
 -2.322240000000e+00,  4.32362e-01
 -2.317120000000e+00,  3.51960e-01
 -2.312000000000e+00,  3.92161e-01
 -2.306880000000e+00,  3.92161e-01
 -2.301760000000e+00,  3.92161e-01
 -2.296640000000e+00,  3.92161e-01
 -2.291520000000e+00,  3.51960e-01
 -2.286400000000e+00,  3.92161e-01
 -2.281280000000e+00,  3.92161e-01
 -2.276160000000e+00,  3.92161e-01
 -2.271040000000e+00,  3.51960e-01
 -2.265920000000e+00,  3.51960e-01
 -2.260800000000e+00,  3.51960e-01
 -2.255680000000e+00,  3.11759e-01
 -2.250560000000e+00,  3.11759e-01
 -2.245440000000e+00,  3.51960e-01
 -2.240320000000e+00,  3.11759e-01
 -2.235200000000e+00,  3.11759e-01
 -2.230080000000e+00,  3.11759e-01
 -2.224960000000e+00,  2.71558e-01
 -2.219840000000e+00,  2.71558e-01
 -2.214720000000e+00,  2.71558e-01
 -2.209600000000e+00,  3.11759e-01
 -2.204480000000e+00,  2.71558e-01
 -2.199360000000e+00,  2.31357e-01
 -2.194240000000e+00,  2.71558e-01
 -2.189120000000e+00,  2.71558e-01
 -2.184000000000e+00,  1.91156e-01
 -2.178880000000e+00,  2.31357e-01
 -2.173760000000e+00,  1.91156e-01
 -2.168640000000e+00,  2.31357e-01
 -2.163520000000e+00,  2.31357e-01
 -2.158400000000e+00,  2.31357e-01
 -2.153280000000e+00,  2.31357e-01
 -2.148160000000e+00,  1.91156e-01
 -2.143040000000e+00,  1.91156e-01
 -2.137920000000e+00,  1.91156e-01
 -2.132800000000e+00,  1.91156e-01
 -2.127680000000e+00,  1.50955e-01
 -2.122560000000e+00,  1.50955e-01
 -2.117440000000e+00,  1.91156e-01
 -2.112320000000e+00,  1.91156e-01
 -2.107200000000e+00,  1.50955e-01
 -2.102080000000e+00,  1.91156e-01
 -2.096960000000e+00,  1.50955e-01
 -2.091840000000e+00,  1.50955e-01
 -2.086720000000e+00,  1.91156e-01
 -2.081600000000e+00,  1.50955e-01
 -2.076480000000e+00,  1.10754e-01
 -2.071360000000e+00,  1.10754e-01
 -2.066240000000e+00,  1.50955e-01
 -2.061120000000e+00,  1.50955e-01
 -2.056000000000e+00,  1.50955e-01
 -2.050880000000e+00,  1.10754e-01
 -2.045760000000e+00,  1.10754e-01
 -2.040640000000e+00,  1.50955e-01
 -2.035520000000e+00,  1.10754e-01
 -2.030400000000e+00,  1.10754e-01
 -2.025280000000e+00,  1.10754e-01
 -2.020160000000e+00,  1.10754e-01
 -2.015040000000e+00,  1.10754e-01
 -2.009920000000e+00,  1.10754e-01
 -2.004800000000e+00,  1.10754e-01
 -1.999680000000e+00,  7.05528e-02
 -1.994560000000e+00,  1.50955e-01
 -1.989440000000e+00,  7.05528e-02
 -1.984320000000e+00,  7.05528e-02
 -1.979200000000e+00,  1.10754e-01
 -1.974080000000e+00,  7.05528e-02
 -1.968960000000e+00,  1.10754e-01
 -1.963840000000e+00,  1.10754e-01
 -1.958720000000e+00,  7.05528e-02
 -1.953600000000e+00,  1.10754e-01
 -1.948480000000e+00,  7.05528e-02
 -1.943360000000e+00,  7.05528e-02
 -1.938240000000e+00,  1.10754e-01
 -1.933120000000e+00,  7.05528e-02
 -1.928000000000e+00,  7.05528e-02
 -1.922880000000e+00,  1.10754e-01
 -1.917760000000e+00,  1.10754e-01
 -1.912640000000e+00,  7.05528e-02
 -1.907520000000e+00,  3.03519e-02
 -1.902400000000e+00,  7.05528e-02
 -1.897280000000e+00,  3.03519e-02
 -1.892160000000e+00,  7.05528e-02
 -1.887040000000e+00,  3.03519e-02
 -1.881920000000e+00,  7.05528e-02
 -1.876800000000e+00,  7.05528e-02
 -1.871680000000e+00,  1.10754e-01
 -1.866560000000e+00,  3.03519e-02
 -1.861440000000e+00,  7.05528e-02
 -1.856320000000e+00,  7.05528e-02
 -1.851200000000e+00,  3.03519e-02
 -1.846080000000e+00,  3.03519e-02
 -1.840960000000e+00,  3.03519e-02
 -1.835840000000e+00,  3.03519e-02
 -1.830720000000e+00,  3.03519e-02
 -1.825600000000e+00,  3.03519e-02
 -1.820480000000e+00,  3.03519e-02
 -1.815360000000e+00,  3.03519e-02
 -1.810240000000e+00,  7.05528e-02
 -1.805120000000e+00,  7.05528e-02
 -1.800000000000e+00,  3.03519e-02
 -1.794880000000e+00,  7.05528e-02
 -1.789760000000e+00,  3.03519e-02
 -1.784640000000e+00,  3.03519e-02
 -1.779520000000e+00,  3.03519e-02
 -1.774400000000e+00,  7.05528e-02
 -1.769280000000e+00,  3.03519e-02
 -1.764160000000e+00,  3.03519e-02
 -1.759040000000e+00,  3.03519e-02
 -1.753920000000e+00,  3.03519e-02
 -1.748800000000e+00,  3.03519e-02
 -1.743680000000e+00,  7.05528e-02
 -1.738560000000e+00,  3.03519e-02
 -1.733440000000e+00, -9.84919e-03
 -1.728320000000e+00,  3.03519e-02
 -1.723200000000e+00,  3.03519e-02
 -1.718080000000e+00,  3.03519e-02
 -1.712960000000e+00,  3.03519e-02
 -1.707840000000e+00, -9.84919e-03
 -1.702720000000e+00, -9.84919e-03
 -1.697600000000e+00,  3.03519e-02
 -1.692480000000e+00,  7.05528e-02
 -1.687360000000e+00,  7.05528e-02
 -1.682240000000e+00,  1.10754e-01
 -1.677120000000e+00,  1.10754e-01
 -1.672000000000e+00,  1.50955e-01
 -1.666880000000e+00,  1.50955e-01
 -1.661760000000e+00,  2.31357e-01
 -1.656640000000e+00,  1.91156e-01
 -1.651520000000e+00,  2.31357e-01
 -1.646400000000e+00,  2.71558e-01
 -1.641280000000e+00,  2.71558e-01
 -1.636160000000e+00,  3.11759e-01
 -1.631040000000e+00,  3.11759e-01
 -1.625920000000e+00,  3.51960e-01
 -1.620800000000e+00,  3.11759e-01
 -1.615680000000e+00,  3.51960e-01
 -1.610560000000e+00,  3.51960e-01
 -1.605440000000e+00,  3.51960e-01
 -1.600320000000e+00,  3.92161e-01
 -1.595200000000e+00,  4.32362e-01
 -1.590080000000e+00,  4.32362e-01
 -1.584960000000e+00,  4.32362e-01
 -1.579840000000e+00,  4.72563e-01
 -1.574720000000e+00,  4.72563e-01
 -1.569600000000e+00,  4.72563e-01
 -1.564480000000e+00,  5.12764e-01
 -1.559360000000e+00,  5.12764e-01
 -1.554240000000e+00,  5.12764e-01
 -1.549120000000e+00,  5.12764e-01
 -1.544000000000e+00,  5.52965e-01
 -1.538880000000e+00,  5.52965e-01
 -1.533760000000e+00,  5.93166e-01
 -1.528640000000e+00,  5.52965e-01
 -1.523520000000e+00,  5.93166e-01
 -1.518400000000e+00,  5.93166e-01
 -1.513280000000e+00,  5.93166e-01
 -1.508160000000e+00,  6.33367e-01
 -1.503040000000e+00,  6.33367e-01
 -1.497920000000e+00,  6.33367e-01
 -1.492800000000e+00,  6.33367e-01
 -1.487680000000e+00,  7.13769e-01
 -1.482560000000e+00,  6.73568e-01
 -1.477440000000e+00,  6.73568e-01
 -1.472320000000e+00,  6.73568e-01
 -1.467200000000e+00,  7.13769e-01
 -1.462080000000e+00,  7.13769e-01
 -1.456960000000e+00,  7.13769e-01
 -1.451840000000e+00,  7.53970e-01
 -1.446720000000e+00,  7.13769e-01
 -1.441600000000e+00,  7.13769e-01
 -1.436480000000e+00,  7.13769e-01
 -1.431360000000e+00,  7.53970e-01
 -1.426240000000e+00,  7.53970e-01
 -1.421120000000e+00,  7.94171e-01
 -1.416000000000e+00,  7.94171e-01
 -1.410880000000e+00,  7.94171e-01
 -1.405760000000e+00,  7.94171e-01
 -1.400640000000e+00,  7.94171e-01
 -1.395520000000e+00,  7.94171e-01
 -1.390400000000e+00,  8.34372e-01
 -1.385280000000e+00,  8.34372e-01
 -1.380160000000e+00,  8.34372e-01
 -1.375040000000e+00,  8.34372e-01
 -1.369920000000e+00,  8.74573e-01
 -1.364800000000e+00,  8.34372e-01
 -1.359680000000e+00,  8.34372e-01
 -1.354560000000e+00,  8.34372e-01
 -1.349440000000e+00,  8.74573e-01
 -1.344320000000e+00,  8.34372e-01
 -1.339200000000e+00,  8.34372e-01
 -1.334080000000e+00,  8.74573e-01
 -1.328960000000e+00,  9.14774e-01
 -1.323840000000e+00,  9.14774e-01
 -1.318720000000e+00,  9.14774e-01
 -1.313600000000e+00,  9.14774e-01
 -1.308480000000e+00,  8.74573e-01
 -1.303360000000e+00,  9.14774e-01
 -1.298240000000e+00,  9.14774e-01
 -1.293120000000e+00,  9.14774e-01
 -1.288000000000e+00,  9.14774e-01
 -1.282880000000e+00,  9.14774e-01
 -1.277760000000e+00,  9.14774e-01
 -1.272640000000e+00,  9.14774e-01
 -1.267520000000e+00,  9.14774e-01
 -1.262400000000e+00,  9.95176e-01
 -1.257280000000e+00,  9.54975e-01
 -1.252160000000e+00,  9.54975e-01
 -1.247040000000e+00,  9.14774e-01
 -1.241920000000e+00,  9.54975e-01
 -1.236800000000e+00,  9.54975e-01
 -1.231680000000e+00,  9.14774e-01
 -1.226560000000e+00,  9.54975e-01
 -1.221440000000e+00,  9.54975e-01
 -1.216320000000e+00,  9.54975e-01
 -1.211200000000e+00,  9.54975e-01
 -1.206080000000e+00,  9.54975e-01
 -1.200960000000e+00,  9.95176e-01
 -1.195840000000e+00,  9.95176e-01
 -1.190720000000e+00,  9.95176e-01
 -1.185600000000e+00,  9.95176e-01
 -1.180480000000e+00,  9.54975e-01
 -1.175360000000e+00,  9.54975e-01
 -1.170240000000e+00,  9.95176e-01
 -1.165120000000e+00,  9.95176e-01
 -1.160000000000e+00,  9.95176e-01
 -1.154880000000e+00,  9.95176e-01
 -1.149760000000e+00,  9.95176e-01
 -1.144640000000e+00,  9.95176e-01
 -1.139520000000e+00,  9.95176e-01
 -1.134400000000e+00,  9.95176e-01
 -1.129280000000e+00,  9.95176e-01
 -1.124160000000e+00,  9.95176e-01
 -1.119040000000e+00,  9.95176e-01
 -1.113920000000e+00,  9.95176e-01
 -1.108800000000e+00,  9.95176e-01
 -1.103680000000e+00,  1.03538e+00
 -1.098560000000e+00,  1.03538e+00
 -1.093440000000e+00,  9.95176e-01
 -1.088320000000e+00,  1.03538e+00
 -1.083200000000e+00,  9.95176e-01
 -1.078080000000e+00,  1.03538e+00
 -1.072960000000e+00,  9.95176e-01
 -1.067840000000e+00,  1.03538e+00
 -1.062720000000e+00,  1.03538e+00
 -1.057600000000e+00,  9.95176e-01
 -1.052480000000e+00,  9.95176e-01
 -1.047360000000e+00,  1.07558e+00
 -1.042240000000e+00,  9.95176e-01
 -1.037120000000e+00,  1.03538e+00
 -1.032000000000e+00,  1.03538e+00
 -1.026880000000e+00,  1.03538e+00
 -1.021760000000e+00,  1.07558e+00
 -1.016640000000e+00,  1.07558e+00
 -1.011520000000e+00,  1.03538e+00
 -1.006400000000e+00,  1.07558e+00
 -1.001280000000e+00,  1.03538e+00
 -9.961600000000e-01,  1.03538e+00
 -9.910400000000e-01,  1.03538e+00
 -9.859200000000e-01,  1.03538e+00
 -9.808000000000e-01,  1.07558e+00
 -9.756800000000e-01,  1.07558e+00
 -9.705600000000e-01,  1.07558e+00
 -9.654400000000e-01,  1.07558e+00
 -9.603200000000e-01,  1.07558e+00
 -9.552000000000e-01,  1.07558e+00
 -9.500800000000e-01,  1.03538e+00
 -9.449600000000e-01,  1.07558e+00
 -9.398400000000e-01,  1.07558e+00
 -9.347200000000e-01,  1.07558e+00
 -9.296000000000e-01,  1.03538e+00
 -9.244800000000e-01,  1.07558e+00
 -9.193600000000e-01,  1.07558e+00
 -9.142400000000e-01,  1.07558e+00
 -9.091200000000e-01,  1.07558e+00
 -9.040000000000e-01,  1.07558e+00
 -8.988800000000e-01,  1.07558e+00
 -8.937600000000e-01,  1.03538e+00
 -8.886400000000e-01,  9.95176e-01
 -8.835200000000e-01,  9.95176e-01
 -8.784000000000e-01,  9.54975e-01
 -8.732800000000e-01,  9.14774e-01
 -8.681600000000e-01,  9.14774e-01
 -8.630400000000e-01,  9.14774e-01
 -8.579200000000e-01,  9.14774e-01
 -8.528000000000e-01,  8.74573e-01
 -8.476800000000e-01,  8.34372e-01
 -8.425600000000e-01,  8.74573e-01
 -8.374400000000e-01,  7.94171e-01
 -8.323200000000e-01,  7.94171e-01
 -8.272000000000e-01,  7.94171e-01
 -8.220800000000e-01,  7.53970e-01
 -8.169600000000e-01,  7.13769e-01
 -8.118400000000e-01,  7.13769e-01
 -8.067200000000e-01,  6.73568e-01
 -8.016000000000e-01,  6.73568e-01
 -7.964800000000e-01,  6.73568e-01
 -7.913600000000e-01,  6.73568e-01
 -7.862400000000e-01,  6.73568e-01
 -7.811200000000e-01,  6.33367e-01
 -7.760000000000e-01,  5.93166e-01
 -7.708800000000e-01,  5.52965e-01
 -7.657600000000e-01,  6.33367e-01
 -7.606400000000e-01,  5.93166e-01
 -7.555200000000e-01,  5.93166e-01
 -7.504000000000e-01,  5.52965e-01
 -7.452800000000e-01,  5.52965e-01
 -7.401600000000e-01,  5.12764e-01
 -7.350400000000e-01,  5.12764e-01
 -7.299200000000e-01,  5.52965e-01
 -7.248000000000e-01,  5.12764e-01
 -7.196800000000e-01,  4.72563e-01
 -7.145600000000e-01,  5.12764e-01
 -7.094400000000e-01,  4.72563e-01
 -7.043200000000e-01,  4.32362e-01
 -6.992000000000e-01,  4.32362e-01
 -6.940800000000e-01,  3.92161e-01
 -6.889600000000e-01,  4.32362e-01
 -6.838400000000e-01,  4.32362e-01
 -6.787200000000e-01,  3.92161e-01
 -6.736000000000e-01,  3.92161e-01
 -6.684800000000e-01,  3.51960e-01
 -6.633600000000e-01,  3.11759e-01
 -6.582400000000e-01,  3.92161e-01
 -6.531200000000e-01,  3.92161e-01
 -6.480000000000e-01,  3.92161e-01
 -6.428800000000e-01,  3.51960e-01
 -6.377600000000e-01,  3.11759e-01
 -6.326400000000e-01,  3.11759e-01
 -6.275200000000e-01,  3.51960e-01
 -6.224000000000e-01,  3.11759e-01
 -6.172800000000e-01,  3.11759e-01
 -6.121600000000e-01,  3.11759e-01
 -6.070400000000e-01,  2.71558e-01
 -6.019200000000e-01,  2.71558e-01
 -5.968000000000e-01,  2.71558e-01
 -5.916800000000e-01,  2.71558e-01
 -5.865600000000e-01,  2.71558e-01
 -5.814400000000e-01,  2.71558e-01
 -5.763200000000e-01,  2.71558e-01
 -5.712000000000e-01,  2.71558e-01
 -5.660800000000e-01,  2.71558e-01
 -5.609600000000e-01,  2.71558e-01
 -5.558400000000e-01,  2.31357e-01
 -5.507200000000e-01,  2.31357e-01
 -5.456000000000e-01,  2.31357e-01
 -5.404800000000e-01,  2.31357e-01
 -5.353600000000e-01,  2.31357e-01
 -5.302400000000e-01,  2.31357e-01
 -5.251200000000e-01,  1.91156e-01
 -5.200000000000e-01,  1.91156e-01
 -5.148800000000e-01,  1.91156e-01
 -5.097600000000e-01,  2.31357e-01
 -5.046400000000e-01,  1.91156e-01
 -4.995200000000e-01,  1.91156e-01
 -4.944000000000e-01,  1.50955e-01
 -4.892800000000e-01,  1.91156e-01
 -4.841600000000e-01,  1.91156e-01
 -4.790400000000e-01,  1.50955e-01
 -4.739200000000e-01,  1.50955e-01
 -4.688000000000e-01,  1.91156e-01
 -4.636800000000e-01,  1.91156e-01
 -4.585600000000e-01,  1.50955e-01
 -4.534400000000e-01,  1.50955e-01
 -4.483200000000e-01,  1.50955e-01
 -4.432000000000e-01,  1.50955e-01
 -4.380800000000e-01,  1.50955e-01
 -4.329600000000e-01,  1.10754e-01
 -4.278400000000e-01,  1.50955e-01
 -4.227200000000e-01,  1.10754e-01
 -4.176000000000e-01,  1.50955e-01
 -4.124800000000e-01,  1.10754e-01
 -4.073600000000e-01,  1.50955e-01
 -4.022400000000e-01,  1.50955e-01
 -3.971200000000e-01,  1.50955e-01
 -3.920000000000e-01,  1.10754e-01
 -3.868800000000e-01,  1.10754e-01
 -3.817600000000e-01,  1.10754e-01
 -3.766400000000e-01,  1.10754e-01
 -3.715200000000e-01,  7.05528e-02
 -3.664000000000e-01,  1.10754e-01
 -3.612800000000e-01,  1.10754e-01
 -3.561600000000e-01,  7.05528e-02
 -3.510400000000e-01,  1.10754e-01
 -3.459200000000e-01,  1.10754e-01
 -3.408000000000e-01,  7.05528e-02
 -3.356800000000e-01,  7.05528e-02
 -3.305600000000e-01,  7.05528e-02
 -3.254400000000e-01,  7.05528e-02
 -3.203200000000e-01,  1.10754e-01
 -3.152000000000e-01,  1.10754e-01
 -3.100800000000e-01,  7.05528e-02
 -3.049600000000e-01,  7.05528e-02
 -2.998400000000e-01,  3.03519e-02
 -2.947200000000e-01,  7.05528e-02
 -2.896000000000e-01,  7.05528e-02
 -2.844800000000e-01,  7.05528e-02
 -2.793600000000e-01,  7.05528e-02
 -2.742400000000e-01,  3.03519e-02
 -2.691200000000e-01,  7.05528e-02
 -2.640000000000e-01,  7.05528e-02
 -2.588800000000e-01,  7.05528e-02
 -2.537600000000e-01,  7.05528e-02
 -2.486400000000e-01,  7.05528e-02
 -2.435200000000e-01,  7.05528e-02
 -2.384000000000e-01,  7.05528e-02
 -2.332800000000e-01,  7.05528e-02
 -2.281600000000e-01,  3.03519e-02
 -2.230400000000e-01, -9.84919e-03
 -2.179200000000e-01,  7.05528e-02
 -2.128000000000e-01,  7.05528e-02
 -2.076800000000e-01,  3.03519e-02
 -2.025600000000e-01,  7.05528e-02
 -1.974400000000e-01,  7.05528e-02
 -1.923200000000e-01,  3.03519e-02
 -1.872000000000e-01,  7.05528e-02
 -1.820800000000e-01,  3.03519e-02
 -1.769600000000e-01,  7.05528e-02
 -1.718400000000e-01,  7.05528e-02
 -1.667200000000e-01,  3.03519e-02
 -1.616000000000e-01,  3.03519e-02
 -1.564800000000e-01,  3.03519e-02
 -1.513600000000e-01,  7.05528e-02
 -1.462400000000e-01,  3.03519e-02
 -1.411200000000e-01,  3.03519e-02
 -1.360000000000e-01,  3.03519e-02
 -1.308800000000e-01, -9.84919e-03
 -1.257600000000e-01,  3.03519e-02
 -1.206400000000e-01,  7.05528e-02
 -1.155200000000e-01, -9.84919e-03
 -1.104000000000e-01,  3.03519e-02
 -1.052800000000e-01,  7.05528e-02
 -1.001600000000e-01, -9.84919e-03
 -9.504000000000e-02,  3.03519e-02
 -8.992000000000e-02, -9.84919e-03
 -8.480000000000e-02,  3.03519e-02
 -7.968000000000e-02,  3.03519e-02
 -7.456000000000e-02,  3.03519e-02
 -6.944000000000e-02,  3.03519e-02
 -6.432000000000e-02, -9.84919e-03
 -5.920000000000e-02,  3.03519e-02
 -5.408000000000e-02, -9.84919e-03
 -4.896000000000e-02,  3.03519e-02
 -4.384000000000e-02, -9.84919e-03
 -3.872000000000e-02, -9.84919e-03
 -3.360000000000e-02,  3.03519e-02
 -2.848000000000e-02, -9.84919e-03
 -2.336000000000e-02, -9.84919e-03
 -1.824000000000e-02, -9.84919e-03
 -1.312000000000e-02, -9.84919e-03
 -8.000000000000e-03,  3.03519e-02
 -2.880000000000e-03,  3.03519e-02
  2.240000000000e-03,  3.03519e-02
  7.359999999999e-03,  3.03519e-02
  1.248000000000e-02,  7.05528e-02
  1.760000000000e-02,  1.10754e-01
  2.272000000000e-02,  1.10754e-01
  2.784000000000e-02,  1.50955e-01
  3.296000000000e-02,  1.50955e-01
  3.808000000000e-02,  1.50955e-01
  4.320000000000e-02,  1.50955e-01
  4.832000000000e-02,  1.91156e-01
  5.344000000000e-02,  1.91156e-01
  5.856000000000e-02,  2.31357e-01
  6.368000000000e-02,  2.71558e-01
  6.880000000000e-02,  2.71558e-01
  7.392000000000e-02,  3.11759e-01
  7.904000000000e-02,  3.11759e-01
  8.416000000000e-02,  3.51960e-01
  8.928000000000e-02,  3.51960e-01
  9.440000000000e-02,  3.51960e-01
  9.952000000000e-02,  3.92161e-01
  1.046400000000e-01,  3.92161e-01
  1.097600000000e-01,  3.92161e-01
  1.148800000000e-01,  4.32362e-01
  1.200000000000e-01,  4.32362e-01
  1.251200000000e-01,  4.32362e-01
  1.302400000000e-01,  4.32362e-01
  1.353600000000e-01,  4.72563e-01
  1.404800000000e-01,  5.12764e-01
  1.456000000000e-01,  5.12764e-01
  1.507200000000e-01,  5.12764e-01
  1.558400000000e-01,  5.52965e-01
  1.609600000000e-01,  5.52965e-01
  1.660800000000e-01,  5.52965e-01
  1.712000000000e-01,  5.52965e-01
  1.763200000000e-01,  5.12764e-01
  1.814400000000e-01,  5.93166e-01
  1.865600000000e-01,  5.93166e-01
  1.916800000000e-01,  6.33367e-01
  1.968000000000e-01,  5.93166e-01
  2.019200000000e-01,  6.33367e-01
  2.070400000000e-01,  6.33367e-01
  2.121600000000e-01,  6.33367e-01
  2.172800000000e-01,  6.33367e-01
  2.224000000000e-01,  6.33367e-01
  2.275200000000e-01,  6.73568e-01
  2.326400000000e-01,  6.73568e-01
  2.377600000000e-01,  6.73568e-01
  2.428800000000e-01,  7.13769e-01
  2.480000000000e-01,  7.13769e-01
  2.531200000000e-01,  7.53970e-01
  2.582400000000e-01,  7.13769e-01
  2.633600000000e-01,  7.53970e-01
  2.684800000000e-01,  7.53970e-01
  2.736000000000e-01,  7.94171e-01
  2.787200000000e-01,  7.94171e-01
  2.838400000000e-01,  7.53970e-01
  2.889600000000e-01,  7.53970e-01
  2.940800000000e-01,  7.94171e-01
  2.992000000000e-01,  7.94171e-01
  3.043200000000e-01,  7.94171e-01
  3.094400000000e-01,  7.94171e-01
  3.145600000000e-01,  7.94171e-01
  3.196800000000e-01,  8.34372e-01
  3.248000000000e-01,  8.34372e-01
  3.299200000000e-01,  8.34372e-01
  3.350400000000e-01,  8.34372e-01
  3.401600000000e-01,  8.34372e-01
  3.452800000000e-01,  8.34372e-01
  3.504000000000e-01,  8.34372e-01
  3.555200000000e-01,  8.74573e-01
  3.606400000000e-01,  8.74573e-01
  3.657600000000e-01,  9.14774e-01
  3.708800000000e-01,  9.14774e-01
  3.760000000000e-01,  8.74573e-01
  3.811200000000e-01,  9.14774e-01
  3.862400000000e-01,  8.74573e-01
  3.913600000000e-01,  8.74573e-01
  3.964800000000e-01,  8.74573e-01
  4.016000000000e-01,  9.14774e-01
  4.067200000000e-01,  9.14774e-01
  4.118400000000e-01,  9.14774e-01
  4.169600000000e-01,  9.54975e-01
  4.220800000000e-01,  9.54975e-01
  4.272000000000e-01,  9.54975e-01
  4.323200000000e-01,  9.54975e-01
  4.374400000000e-01,  9.54975e-01
  4.425600000000e-01,  9.14774e-01
  4.476800000000e-01,  9.54975e-01
  4.528000000000e-01,  9.14774e-01
  4.579200000000e-01,  9.14774e-01
  4.630400000000e-01,  9.54975e-01
  4.681600000000e-01,  9.54975e-01
  4.732800000000e-01,  9.54975e-01
  4.784000000000e-01,  9.54975e-01
  4.835200000000e-01,  9.54975e-01
  4.886400000000e-01,  9.54975e-01
  4.937600000000e-01,  9.95176e-01
  4.988800000000e-01,  9.54975e-01
  5.040000000000e-01,  9.54975e-01
  5.091200000000e-01,  9.54975e-01
  5.142400000000e-01,  9.95176e-01
  5.193600000000e-01,  9.95176e-01
  5.244800000000e-01,  9.95176e-01
  5.296000000000e-01,  9.95176e-01
  5.347200000000e-01,  9.95176e-01
  5.398400000000e-01,  9.95176e-01
  5.449600000000e-01,  9.54975e-01
  5.500800000000e-01,  9.95176e-01
  5.552000000000e-01,  9.95176e-01
  5.603200000000e-01,  9.95176e-01
  5.654400000000e-01,  9.95176e-01
  5.705600000000e-01,  9.95176e-01
  5.756800000000e-01,  9.95176e-01
  5.808000000000e-01,  9.95176e-01
  5.859200000000e-01,  9.95176e-01
  5.910400000000e-01,  9.95176e-01
  5.961600000000e-01,  9.95176e-01
  6.012800000000e-01,  9.95176e-01
  6.064000000000e-01,  9.95176e-01
  6.115200000000e-01,  9.95176e-01
  6.166400000000e-01,  9.95176e-01
  6.217600000000e-01,  1.03538e+00
  6.268800000000e-01,  1.03538e+00
  6.320000000000e-01,  1.03538e+00
  6.371200000000e-01,  1.03538e+00
  6.422400000000e-01,  1.03538e+00
  6.473600000000e-01,  1.03538e+00
  6.524800000000e-01,  1.03538e+00
  6.576000000000e-01,  9.95176e-01
  6.627200000000e-01,  1.03538e+00
  6.678400000000e-01,  1.03538e+00
  6.729600000000e-01,  1.03538e+00
  6.780800000000e-01,  1.03538e+00
  6.832000000000e-01,  1.03538e+00
  6.883200000000e-01,  9.95176e-01
  6.934400000000e-01,  1.03538e+00
  6.985600000000e-01,  9.95176e-01
  7.036800000000e-01,  1.03538e+00
  7.088000000000e-01,  1.03538e+00
  7.139200000000e-01,  1.03538e+00
  7.190400000000e-01,  1.03538e+00
  7.241600000000e-01,  1.03538e+00
  7.292800000000e-01,  1.07558e+00
  7.344000000000e-01,  1.03538e+00
  7.395200000000e-01,  1.07558e+00
  7.446400000000e-01,  1.07558e+00
  7.497600000000e-01,  1.03538e+00
  7.548800000000e-01,  1.07558e+00
  7.600000000000e-01,  1.07558e+00
  7.651200000000e-01,  1.07558e+00
  7.702400000000e-01,  1.07558e+00
  7.753600000000e-01,  1.07558e+00
  7.804800000000e-01,  1.03538e+00
  7.856000000000e-01,  1.03538e+00
  7.907200000000e-01,  9.95176e-01
  7.958400000000e-01,  9.14774e-01
  8.009600000000e-01,  9.14774e-01
  8.060800000000e-01,  9.14774e-01
  8.112000000000e-01,  8.74573e-01
  8.163200000000e-01,  8.74573e-01
  8.214400000000e-01,  8.74573e-01
  8.265600000000e-01,  7.94171e-01
  8.316800000000e-01,  7.94171e-01
  8.368000000000e-01,  7.94171e-01
  8.419200000000e-01,  7.94171e-01
  8.470400000000e-01,  7.94171e-01
  8.521600000000e-01,  7.13769e-01
  8.572800000000e-01,  7.13769e-01
  8.624000000000e-01,  7.13769e-01
  8.675200000000e-01,  7.13769e-01
  8.726400000000e-01,  6.73568e-01
  8.777600000000e-01,  6.73568e-01
  8.828800000000e-01,  6.73568e-01
  8.880000000000e-01,  5.93166e-01
  8.931200000000e-01,  5.93166e-01
  8.982400000000e-01,  5.93166e-01
  9.033600000000e-01,  6.33367e-01
  9.084800000000e-01,  6.33367e-01
  9.136000000000e-01,  5.52965e-01
  9.187200000000e-01,  5.52965e-01
  9.238400000000e-01,  5.12764e-01
  9.289600000000e-01,  5.12764e-01
  9.340800000000e-01,  5.12764e-01
  9.392000000000e-01,  5.12764e-01
  9.443200000000e-01,  5.12764e-01
  9.494400000000e-01,  4.72563e-01
  9.545600000000e-01,  4.72563e-01
  9.596800000000e-01,  5.12764e-01
  9.648000000000e-01,  4.32362e-01
  9.699200000000e-01,  4.72563e-01
  9.750400000000e-01,  4.32362e-01
  9.801600000000e-01,  4.32362e-01
  9.852800000000e-01,  4.32362e-01
  9.904000000000e-01,  3.92161e-01
  9.955200000000e-01,  4.32362e-01
  1.000640000000e+00,  3.92161e-01
  1.005760000000e+00,  3.92161e-01
  1.010880000000e+00,  3.51960e-01
  1.016000000000e+00,  3.92161e-01
  1.021120000000e+00,  3.51960e-01
  1.026240000000e+00,  3.92161e-01
  1.031360000000e+00,  3.11759e-01
  1.036480000000e+00,  3.51960e-01
  1.041600000000e+00,  3.92161e-01
  1.046720000000e+00,  3.11759e-01
  1.051840000000e+00,  3.11759e-01
  1.056960000000e+00,  3.11759e-01
  1.062080000000e+00,  3.11759e-01
  1.067200000000e+00,  3.11759e-01
  1.072320000000e+00,  2.71558e-01
  1.077440000000e+00,  2.71558e-01
  1.082560000000e+00,  2.71558e-01
  1.087680000000e+00,  2.71558e-01
  1.092800000000e+00,  2.31357e-01
  1.097920000000e+00,  2.71558e-01
  1.103040000000e+00,  2.71558e-01
  1.108160000000e+00,  2.71558e-01
  1.113280000000e+00,  1.91156e-01
  1.118400000000e+00,  2.31357e-01
  1.123520000000e+00,  2.31357e-01
  1.128640000000e+00,  2.31357e-01
  1.133760000000e+00,  1.91156e-01
  1.138880000000e+00,  1.91156e-01
  1.144000000000e+00,  2.31357e-01
  1.149120000000e+00,  2.31357e-01
  1.154240000000e+00,  2.31357e-01
  1.159360000000e+00,  1.91156e-01
  1.164480000000e+00,  1.50955e-01
  1.169600000000e+00,  1.91156e-01
  1.174720000000e+00,  1.91156e-01
  1.179840000000e+00,  1.91156e-01
  1.184960000000e+00,  1.50955e-01
  1.190080000000e+00,  1.50955e-01
  1.195200000000e+00,  1.50955e-01
  1.200320000000e+00,  1.91156e-01
  1.205440000000e+00,  1.50955e-01
  1.210560000000e+00,  1.50955e-01
  1.215680000000e+00,  1.50955e-01
  1.220800000000e+00,  1.50955e-01
  1.225920000000e+00,  1.50955e-01
  1.231040000000e+00,  1.10754e-01
  1.236160000000e+00,  1.10754e-01
  1.241280000000e+00,  1.50955e-01
  1.246400000000e+00,  1.10754e-01
  1.251520000000e+00,  1.10754e-01
  1.256640000000e+00,  1.10754e-01
  1.261760000000e+00,  1.50955e-01
  1.266880000000e+00,  1.10754e-01
  1.272000000000e+00,  1.10754e-01
  1.277120000000e+00,  1.10754e-01
  1.282240000000e+00,  7.05528e-02
  1.287360000000e+00,  1.10754e-01
  1.292480000000e+00,  1.10754e-01
  1.297600000000e+00,  7.05528e-02
  1.302720000000e+00,  1.10754e-01
  1.307840000000e+00,  7.05528e-02
  1.312960000000e+00,  1.50955e-01
  1.318080000000e+00,  7.05528e-02
  1.323200000000e+00,  1.10754e-01
  1.328320000000e+00,  7.05528e-02
  1.333440000000e+00,  7.05528e-02
  1.338560000000e+00,  1.10754e-01
  1.343680000000e+00,  3.03519e-02
  1.348800000000e+00,  7.05528e-02
  1.353920000000e+00,  7.05528e-02
  1.359040000000e+00,  3.03519e-02
  1.364160000000e+00,  7.05528e-02
  1.369280000000e+00,  1.10754e-01
  1.374400000000e+00,  7.05528e-02
  1.379520000000e+00,  3.03519e-02
  1.384640000000e+00,  7.05528e-02
  1.389760000000e+00,  7.05528e-02
  1.394880000000e+00,  7.05528e-02
  1.400000000000e+00,  7.05528e-02
  1.405120000000e+00,  7.05528e-02
  1.410240000000e+00,  7.05528e-02
  1.415360000000e+00,  7.05528e-02
  1.420480000000e+00,  3.03519e-02
  1.425600000000e+00,  7.05528e-02
  1.430720000000e+00,  7.05528e-02
  1.435840000000e+00,  7.05528e-02
  1.440960000000e+00,  7.05528e-02
  1.446080000000e+00,  7.05528e-02
  1.451200000000e+00,  1.10754e-01
  1.456320000000e+00,  3.03519e-02
  1.461440000000e+00,  7.05528e-02
  1.466560000000e+00,  1.10754e-01
  1.471680000000e+00,  7.05528e-02
  1.476800000000e+00,  7.05528e-02
  1.481920000000e+00,  7.05528e-02
  1.487040000000e+00,  3.03519e-02
  1.492160000000e+00,  7.05528e-02
  1.497280000000e+00,  3.03519e-02
  1.502400000000e+00,  3.03519e-02
  1.507520000000e+00,  3.03519e-02
  1.512640000000e+00,  3.03519e-02
  1.517760000000e+00,  3.03519e-02
  1.522880000000e+00, -9.84919e-03
  1.528000000000e+00,  3.03519e-02
  1.533120000000e+00,  3.03519e-02
  1.538240000000e+00,  3.03519e-02
  1.543360000000e+00,  3.03519e-02
  1.548480000000e+00,  3.03519e-02
  1.553600000000e+00,  3.03519e-02
  1.558720000000e+00,  3.03519e-02
  1.563840000000e+00,  3.03519e-02
  1.568960000000e+00,  3.03519e-02
  1.574080000000e+00,  7.05528e-02
  1.579200000000e+00,  7.05528e-02
  1.584320000000e+00,  3.03519e-02
  1.589440000000e+00, -9.84919e-03
  1.594560000000e+00,  3.03519e-02
  1.599680000000e+00,  3.03519e-02
  1.604800000000e+00,  3.03519e-02
  1.609920000000e+00, -9.84919e-03
  1.615040000000e+00,  3.03519e-02
  1.620160000000e+00, -9.84919e-03
  1.625280000000e+00,  3.03519e-02
  1.630400000000e+00,  3.03519e-02
  1.635520000000e+00, -9.84919e-03
  1.640640000000e+00, -9.84919e-03
  1.645760000000e+00,  3.03519e-02
  1.650880000000e+00,  7.05528e-02
  1.656000000000e+00,  7.05528e-02
  1.661120000000e+00,  1.50955e-01
  1.666240000000e+00,  1.50955e-01
  1.671360000000e+00,  1.50955e-01
  1.676480000000e+00,  1.91156e-01
  1.681600000000e+00,  1.91156e-01
  1.686720000000e+00,  2.71558e-01
  1.691840000000e+00,  2.31357e-01
  1.696960000000e+00,  2.71558e-01
  1.702080000000e+00,  2.71558e-01
  1.707200000000e+00,  3.11759e-01
  1.712320000000e+00,  3.51960e-01
  1.717440000000e+00,  3.51960e-01
  1.722560000000e+00,  3.11759e-01
  1.727680000000e+00,  3.51960e-01
  1.732800000000e+00,  3.51960e-01
  1.737920000000e+00,  3.92161e-01
  1.743040000000e+00,  4.32362e-01
  1.748160000000e+00,  3.92161e-01
  1.753280000000e+00,  4.32362e-01
  1.758400000000e+00,  4.32362e-01
  1.763520000000e+00,  4.72563e-01
  1.768640000000e+00,  4.32362e-01
  1.773760000000e+00,  4.72563e-01
  1.778880000000e+00,  5.12764e-01
  1.784000000000e+00,  5.12764e-01
  1.789120000000e+00,  5.52965e-01
  1.794240000000e+00,  5.52965e-01
  1.799360000000e+00,  5.52965e-01
  1.804480000000e+00,  5.52965e-01
  1.809600000000e+00,  6.33367e-01
  1.814720000000e+00,  5.93166e-01
  1.819840000000e+00,  5.93166e-01
  1.824960000000e+00,  5.93166e-01
  1.830080000000e+00,  5.93166e-01
  1.835200000000e+00,  6.33367e-01
  1.840320000000e+00,  6.33367e-01
  1.845440000000e+00,  6.33367e-01
  1.850560000000e+00,  6.73568e-01
  1.855680000000e+00,  6.73568e-01
  1.860800000000e+00,  7.13769e-01
  1.865920000000e+00,  6.73568e-01
  1.871040000000e+00,  7.13769e-01
  1.876160000000e+00,  7.13769e-01
  1.881280000000e+00,  7.13769e-01
  1.886400000000e+00,  7.13769e-01
  1.891520000000e+00,  7.53970e-01
  1.896640000000e+00,  7.13769e-01
  1.901760000000e+00,  7.13769e-01
  1.906880000000e+00,  7.53970e-01
  1.912000000000e+00,  7.53970e-01
  1.917120000000e+00,  7.53970e-01
  1.922240000000e+00,  7.94171e-01
  1.927360000000e+00,  7.53970e-01
  1.932480000000e+00,  7.94171e-01
  1.937600000000e+00,  7.94171e-01
  1.942720000000e+00,  7.94171e-01
  1.947840000000e+00,  8.34372e-01
  1.952960000000e+00,  7.94171e-01
  1.958080000000e+00,  7.94171e-01
  1.963200000000e+00,  8.34372e-01
  1.968320000000e+00,  8.34372e-01
  1.973440000000e+00,  8.34372e-01
  1.978560000000e+00,  8.34372e-01
  1.983680000000e+00,  8.34372e-01
  1.988800000000e+00,  8.74573e-01
  1.993920000000e+00,  8.34372e-01
  1.999040000000e+00,  8.74573e-01
  2.004160000000e+00,  8.74573e-01
  2.009280000000e+00,  8.74573e-01
  2.014400000000e+00,  8.74573e-01
  2.019520000000e+00,  8.74573e-01
  2.024640000000e+00,  8.74573e-01
  2.029760000000e+00,  9.14774e-01
  2.034880000000e+00,  8.74573e-01
  2.040000000000e+00,  9.14774e-01
  2.045120000000e+00,  9.14774e-01
  2.050240000000e+00,  9.14774e-01
  2.055360000000e+00,  9.14774e-01
  2.060480000000e+00,  9.14774e-01
  2.065600000000e+00,  9.14774e-01
  2.070720000000e+00,  9.14774e-01
  2.075840000000e+00,  9.14774e-01
  2.080960000000e+00,  9.14774e-01
  2.086080000000e+00,  9.54975e-01
  2.091200000000e+00,  9.14774e-01
  2.096320000000e+00,  9.54975e-01
  2.101440000000e+00,  9.54975e-01
  2.106560000000e+00,  9.54975e-01
  2.111680000000e+00,  9.54975e-01
  2.116800000000e+00,  9.54975e-01
  2.121920000000e+00,  9.14774e-01
  2.127040000000e+00,  9.54975e-01
  2.132160000000e+00,  9.54975e-01
  2.137280000000e+00,  9.54975e-01
  2.142400000000e+00,  9.54975e-01
  2.147520000000e+00,  9.54975e-01
  2.152640000000e+00,  9.95176e-01
  2.157760000000e+00,  9.54975e-01
  2.162880000000e+00,  9.95176e-01
  2.168000000000e+00,  9.95176e-01
  2.173120000000e+00,  9.54975e-01
  2.178240000000e+00,  9.95176e-01
  2.183360000000e+00,  9.95176e-01
  2.188480000000e+00,  9.95176e-01
  2.193600000000e+00,  9.95176e-01
  2.198720000000e+00,  9.95176e-01
  2.203840000000e+00,  9.95176e-01
  2.208960000000e+00,  9.95176e-01
  2.214080000000e+00,  1.03538e+00
  2.219200000000e+00,  1.03538e+00
  2.224320000000e+00,  9.95176e-01
  2.229440000000e+00,  9.95176e-01
  2.234560000000e+00,  1.03538e+00
  2.239680000000e+00,  9.95176e-01
  2.244800000000e+00,  9.95176e-01
  2.249920000000e+00,  1.03538e+00
  2.255040000000e+00,  1.03538e+00
  2.260160000000e+00,  1.03538e+00
  2.265280000000e+00,  1.03538e+00
  2.270400000000e+00,  9.95176e-01
  2.275520000000e+00,  1.03538e+00
  2.280640000000e+00,  9.95176e-01
  2.285760000000e+00,  1.03538e+00
  2.290880000000e+00,  1.03538e+00
  2.296000000000e+00,  1.03538e+00
  2.301120000000e+00,  1.07558e+00
  2.306240000000e+00,  1.03538e+00
  2.311360000000e+00,  1.07558e+00
  2.316480000000e+00,  1.07558e+00
  2.321600000000e+00,  1.07558e+00
  2.326720000000e+00,  1.03538e+00
  2.331840000000e+00,  1.03538e+00
  2.336960000000e+00,  1.03538e+00
  2.342080000000e+00,  1.03538e+00
  2.347200000000e+00,  1.07558e+00
  2.352320000000e+00,  1.03538e+00
  2.357440000000e+00,  1.03538e+00
  2.362560000000e+00,  1.07558e+00
  2.367680000000e+00,  1.03538e+00
  2.372800000000e+00,  1.03538e+00
  2.377920000000e+00,  1.07558e+00
  2.383040000000e+00,  1.03538e+00
  2.388160000000e+00,  1.07558e+00
  2.393280000000e+00,  1.07558e+00
  2.398400000000e+00,  1.07558e+00
  2.403520000000e+00,  1.03538e+00
  2.408640000000e+00,  1.07558e+00
  2.413760000000e+00,  1.07558e+00
  2.418880000000e+00,  1.07558e+00
  2.424000000000e+00,  1.07558e+00
  2.429120000000e+00,  1.03538e+00
  2.434240000000e+00,  1.03538e+00
  2.439360000000e+00,  1.07558e+00
  2.444480000000e+00,  1.07558e+00
  2.449600000000e+00,  1.07558e+00
  2.454720000000e+00,  1.03538e+00
  2.459840000000e+00,  1.07558e+00
  2.464960000000e+00,  1.07558e+00
  2.470080000000e+00,  1.11578e+00
  2.475200000000e+00,  1.07558e+00
  2.480320000000e+00,  1.11578e+00
  2.485440000000e+00,  1.07558e+00
  2.490560000000e+00,  1.07558e+00
  2.495680000000e+00,  1.07558e+00
  2.500800000000e+00,  1.07558e+00
  2.505920000000e+00,  1.03538e+00
  2.511040000000e+00,  1.07558e+00
  2.516160000000e+00,  1.07558e+00
  2.521280000000e+00,  1.07558e+00
  2.526400000000e+00,  1.07558e+00
  2.531520000000e+00,  1.07558e+00
  2.536640000000e+00,  1.07558e+00
  2.541760000000e+00,  1.07558e+00
  2.546880000000e+00,  1.07558e+00
  2.552000000000e+00,  1.07558e+00
  2.557120000000e+00,  1.07558e+00
  2.562240000000e+00,  1.07558e+00
  2.567360000000e+00,  1.07558e+00
  2.572480000000e+00,  1.07558e+00
  2.577600000000e+00,  1.07558e+00
  2.582720000000e+00,  1.07558e+00
  2.587840000000e+00,  1.03538e+00
  2.592960000000e+00,  1.07558e+00
  2.598080000000e+00,  1.07558e+00
  2.603200000000e+00,  1.07558e+00
  2.608320000000e+00,  1.11578e+00
  2.613440000000e+00,  1.07558e+00
  2.618560000000e+00,  1.11578e+00
  2.623680000000e+00,  1.11578e+00
  2.628800000000e+00,  1.07558e+00
  2.633920000000e+00,  1.07558e+00
  2.639040000000e+00,  1.07558e+00
  2.644160000000e+00,  1.07558e+00
  2.649280000000e+00,  1.07558e+00
  2.654400000000e+00,  1.07558e+00
  2.659520000000e+00,  1.11578e+00
  2.664640000000e+00,  1.11578e+00
  2.669760000000e+00,  1.07558e+00
  2.674880000000e+00,  1.07558e+00
  2.680000000000e+00,  1.07558e+00
  2.685120000000e+00,  1.07558e+00
  2.690240000000e+00,  1.11578e+00
  2.695360000000e+00,  1.11578e+00
  2.700480000000e+00,  1.07558e+00
  2.705600000000e+00,  1.11578e+00
  2.710720000000e+00,  1.07558e+00
  2.715840000000e+00,  1.11578e+00
  2.720960000000e+00,  1.07558e+00
  2.726080000000e+00,  1.11578e+00
  2.731200000000e+00,  1.07558e+00
  2.736320000000e+00,  1.11578e+00
  2.741440000000e+00,  1.07558e+00
  2.746560000000e+00,  1.07558e+00
  2.751680000000e+00,  1.07558e+00
  2.756800000000e+00,  1.07558e+00
  2.761920000000e+00,  1.11578e+00
  2.767040000000e+00,  1.07558e+00
  2.772160000000e+00,  1.07558e+00
  2.777280000000e+00,  1.11578e+00
  2.782400000000e+00,  1.07558e+00
  2.787520000000e+00,  1.07558e+00
  2.792640000000e+00,  1.07558e+00
  2.797760000000e+00,  1.07558e+00
  2.802880000000e+00,  1.07558e+00
  2.808000000000e+00,  1.07558e+00
  2.813120000000e+00,  1.11578e+00
  2.818240000000e+00,  1.11578e+00
  2.823360000000e+00,  1.07558e+00
  2.828480000000e+00,  1.07558e+00
  2.833600000000e+00,  1.07558e+00
  2.838720000000e+00,  1.11578e+00
  2.843840000000e+00,  1.11578e+00
  2.848960000000e+00,  1.07558e+00
  2.854080000000e+00,  1.11578e+00
  2.859200000000e+00,  1.07558e+00
  2.864320000000e+00,  1.07558e+00
  2.869440000000e+00,  1.07558e+00
  2.874560000000e+00,  1.11578e+00
  2.879680000000e+00,  1.07558e+00
  2.884800000000e+00,  1.07558e+00
  2.889920000000e+00,  1.11578e+00
  2.895040000000e+00,  1.07558e+00
  2.900160000000e+00,  1.11578e+00
  2.905280000000e+00,  1.07558e+00
  2.910400000000e+00,  1.03538e+00
  2.915520000000e+00,  1.07558e+00
  2.920640000000e+00,  1.07558e+00
  2.925760000000e+00,  1.07558e+00
  2.930880000000e+00,  1.07558e+00
  2.936000000000e+00,  1.03538e+00
  2.941120000000e+00,  1.03538e+00
  2.946240000000e+00,  1.03538e+00
  2.951360000000e+00,  9.95176e-01
  2.956480000000e+00,  9.54975e-01
  2.961600000000e+00,  9.54975e-01
  2.966720000000e+00,  9.14774e-01
  2.971840000000e+00,  8.74573e-01
  2.976960000000e+00,  8.74573e-01
  2.982080000000e+00,  8.74573e-01
  2.987200000000e+00,  8.34372e-01
  2.992320000000e+00,  8.34372e-01
  2.997440000000e+00,  7.94171e-01
  3.002560000000e+00,  7.53970e-01
  3.007680000000e+00,  7.53970e-01
  3.012800000000e+00,  7.53970e-01
  3.017920000000e+00,  7.53970e-01
  3.023040000000e+00,  7.53970e-01
  3.028160000000e+00,  7.53970e-01
  3.033280000000e+00,  7.13769e-01
  3.038400000000e+00,  7.13769e-01
  3.043520000000e+00,  6.73568e-01
  3.048640000000e+00,  6.33367e-01
  3.053760000000e+00,  6.33367e-01
  3.058880000000e+00,  6.33367e-01
  3.064000000000e+00,  5.93166e-01
  3.069120000000e+00,  5.93166e-01
  3.074240000000e+00,  5.93166e-01
  3.079360000000e+00,  5.52965e-01
  3.084480000000e+00,  5.52965e-01
  3.089600000000e+00,  5.52965e-01
  3.094720000000e+00,  5.52965e-01
  3.099840000000e+00,  5.12764e-01
  3.104960000000e+00,  5.12764e-01
  3.110080000000e+00,  5.12764e-01
  3.115200000000e+00,  5.12764e-01
  3.120320000000e+00,  4.72563e-01
  3.125440000000e+00,  4.72563e-01
  3.130560000000e+00,  4.72563e-01
  3.135680000000e+00,  3.92161e-01
  3.140800000000e+00,  4.32362e-01
  3.145920000000e+00,  4.32362e-01
  3.151040000000e+00,  4.32362e-01
  3.156160000000e+00,  4.32362e-01
  3.161280000000e+00,  3.92161e-01
  3.166400000000e+00,  3.92161e-01
  3.171520000000e+00,  3.51960e-01
  3.176640000000e+00,  3.92161e-01
  3.181760000000e+00,  3.51960e-01
  3.186880000000e+00,  3.51960e-01
  3.192000000000e+00,  3.51960e-01
  3.197120000000e+00,  3.51960e-01
  3.202240000000e+00,  3.11759e-01
  3.207360000000e+00,  3.11759e-01
  3.212480000000e+00,  3.11759e-01
  3.217600000000e+00,  3.51960e-01
  3.222720000000e+00,  3.11759e-01
  3.227840000000e+00,  3.51960e-01
  3.232960000000e+00,  2.71558e-01
  3.238080000000e+00,  3.11759e-01
  3.243200000000e+00,  2.71558e-01
  3.248320000000e+00,  2.71558e-01
  3.253440000000e+00,  3.11759e-01
  3.258560000000e+00,  2.71558e-01
  3.263680000000e+00,  2.71558e-01
  3.268800000000e+00,  2.31357e-01
  3.273920000000e+00,  2.31357e-01
  3.279040000000e+00,  2.31357e-01
  3.284160000000e+00,  2.31357e-01
  3.289280000000e+00,  2.31357e-01
  3.294400000000e+00,  1.91156e-01
  3.299520000000e+00,  2.31357e-01
  3.304640000000e+00,  1.91156e-01
  3.309760000000e+00,  1.91156e-01
  3.314880000000e+00,  1.91156e-01
  3.320000000000e+00,  2.31357e-01
  3.325120000000e+00,  1.50955e-01
  3.330240000000e+00,  1.91156e-01
  3.335360000000e+00,  1.50955e-01
  3.340480000000e+00,  1.91156e-01
  3.345600000000e+00,  1.50955e-01
  3.350720000000e+00,  1.91156e-01
  3.355840000000e+00,  1.91156e-01
  3.360960000000e+00,  1.91156e-01
  3.366080000000e+00,  1.91156e-01
  3.371200000000e+00,  1.50955e-01
  3.376320000000e+00,  1.50955e-01
  3.381440000000e+00,  1.91156e-01
  3.386560000000e+00,  1.50955e-01
  3.391680000000e+00,  1.50955e-01
  3.396800000000e+00,  1.91156e-01
  3.401920000000e+00,  1.50955e-01
  3.407040000000e+00,  1.10754e-01
  3.412160000000e+00,  1.50955e-01
  3.417280000000e+00,  1.10754e-01
  3.422400000000e+00,  1.10754e-01
  3.427520000000e+00,  1.50955e-01
  3.432640000000e+00,  1.50955e-01
  3.437760000000e+00,  1.50955e-01
  3.442880000000e+00,  1.10754e-01
  3.448000000000e+00,  1.50955e-01
  3.453120000000e+00,  1.10754e-01
  3.458240000000e+00,  7.05528e-02
  3.463360000000e+00,  1.10754e-01
  3.468480000000e+00,  1.10754e-01
  3.473600000000e+00,  1.10754e-01
  3.478720000000e+00,  1.10754e-01
  3.483840000000e+00,  7.05528e-02
  3.488960000000e+00,  1.10754e-01
  3.494080000000e+00,  1.10754e-01
  3.499200000000e+00,  1.10754e-01
  3.504320000000e+00,  7.05528e-02
  3.509440000000e+00,  7.05528e-02
  3.514560000000e+00,  1.10754e-01
  3.519680000000e+00,  1.10754e-01
  3.524800000000e+00,  1.10754e-01
  3.529920000000e+00,  7.05528e-02
  3.535040000000e+00,  7.05528e-02
  3.540160000000e+00,  1.10754e-01
  3.545280000000e+00,  7.05528e-02
  3.550400000000e+00,  7.05528e-02
  3.555520000000e+00,  7.05528e-02
  3.560640000000e+00,  7.05528e-02
  3.565760000000e+00,  7.05528e-02
  3.570880000000e+00,  7.05528e-02
  3.576000000000e+00,  7.05528e-02
  3.581120000000e+00,  7.05528e-02
  3.586240000000e+00,  7.05528e-02
  3.591360000000e+00,  7.05528e-02
  3.596480000000e+00,  7.05528e-02
  3.601600000000e+00,  7.05528e-02
  3.606720000000e+00,  7.05528e-02
  3.611840000000e+00,  3.03519e-02
  3.616960000000e+00,  7.05528e-02
  3.622080000000e+00,  7.05528e-02
  3.627200000000e+00,  3.03519e-02
  3.632320000000e+00,  3.03519e-02
  3.637440000000e+00,  7.05528e-02
  3.642560000000e+00,  3.03519e-02
  3.647680000000e+00,  3.03519e-02
  3.652800000000e+00,  3.03519e-02
  3.657920000000e+00,  7.05528e-02
  3.663040000000e+00,  3.03519e-02
  3.668160000000e+00,  7.05528e-02
  3.673280000000e+00,  3.03519e-02
  3.678400000000e+00,  3.03519e-02
  3.683520000000e+00,  7.05528e-02
  3.688640000000e+00,  3.03519e-02
  3.693760000000e+00,  3.03519e-02
  3.698880000000e+00,  3.03519e-02
  3.704000000000e+00,  3.03519e-02
  3.709120000000e+00, -9.84919e-03
  3.714240000000e+00,  3.03519e-02
  3.719360000000e+00,  3.03519e-02
  3.724480000000e+00, -9.84919e-03
  3.729600000000e+00,  3.03519e-02
  3.734720000000e+00, -9.84919e-03
  3.739840000000e+00,  3.03519e-02
  3.744960000000e+00, -9.84919e-03
  3.750080000000e+00,  3.03519e-02
  3.755200000000e+00,  3.03519e-02
  3.760320000000e+00,  3.03519e-02
  3.765440000000e+00,  3.03519e-02
  3.770560000000e+00, -9.84919e-03
  3.775680000000e+00,  3.03519e-02
  3.780800000000e+00,  7.05528e-02
  3.785920000000e+00,  3.03519e-02
  3.791040000000e+00,  1.10754e-01
  3.796160000000e+00,  1.10754e-01
  3.801280000000e+00,  1.50955e-01
  3.806400000000e+00,  1.91156e-01
  3.811520000000e+00,  1.50955e-01
  3.816640000000e+00,  1.91156e-01
  3.821760000000e+00,  2.31357e-01
  3.826880000000e+00,  2.71558e-01
  3.832000000000e+00,  2.71558e-01
  3.837120000000e+00,  2.71558e-01
  3.842240000000e+00,  2.71558e-01
  3.847360000000e+00,  3.11759e-01
  3.852480000000e+00,  3.51960e-01
  3.857600000000e+00,  3.51960e-01
  3.862720000000e+00,  3.51960e-01
  3.867840000000e+00,  3.92161e-01
  3.872960000000e+00,  3.92161e-01
  3.878080000000e+00,  4.32362e-01
  3.883200000000e+00,  4.32362e-01
  3.888320000000e+00,  4.32362e-01
  3.893440000000e+00,  4.72563e-01
  3.898560000000e+00,  5.12764e-01
  3.903680000000e+00,  4.72563e-01
  3.908800000000e+00,  4.72563e-01
  3.913920000000e+00,  5.12764e-01
  3.919040000000e+00,  5.52965e-01
  3.924160000000e+00,  5.52965e-01
  3.929280000000e+00,  5.52965e-01
  3.934400000000e+00,  5.52965e-01
  3.939520000000e+00,  5.93166e-01
  3.944640000000e+00,  5.93166e-01
  3.949760000000e+00,  5.93166e-01
  3.954880000000e+00,  5.52965e-01
  3.960000000000e+00,  6.33367e-01
  3.965120000000e+00,  6.33367e-01
  3.970240000000e+00,  6.33367e-01
  3.975360000000e+00,  6.73568e-01
  3.980480000000e+00,  6.33367e-01
  3.985600000000e+00,  6.73568e-01
  3.990720000000e+00,  6.33367e-01
  3.995840000000e+00,  6.33367e-01
  4.000960000000e+00,  6.73568e-01
  4.006080000000e+00,  7.13769e-01
  4.011200000000e+00,  7.13769e-01
  4.016320000000e+00,  7.13769e-01
  4.021440000000e+00,  7.53970e-01
  4.026560000000e+00,  7.53970e-01
  4.031680000000e+00,  7.13769e-01
  4.036800000000e+00,  7.53970e-01
  4.041920000000e+00,  7.53970e-01
  4.047040000000e+00,  7.53970e-01
  4.052160000000e+00,  7.94171e-01
  4.057280000000e+00,  7.53970e-01
  4.062400000000e+00,  7.94171e-01
  4.067520000000e+00,  7.94171e-01
  4.072640000000e+00,  7.94171e-01
  4.077760000000e+00,  7.94171e-01
  4.082880000000e+00,  7.94171e-01
  4.088000000000e+00,  8.34372e-01
  4.093120000000e+00,  8.34372e-01
  4.098240000000e+00,  8.34372e-01
  4.103360000000e+00,  8.34372e-01
  4.108480000000e+00,  7.94171e-01
  4.113600000000e+00,  8.34372e-01
  4.118720000000e+00,  8.74573e-01
  4.123840000000e+00,  8.74573e-01
  4.128960000000e+00,  8.74573e-01
  4.134080000000e+00,  8.74573e-01
  4.139200000000e+00,  8.74573e-01
  4.144320000000e+00,  8.74573e-01
  4.149440000000e+00,  8.74573e-01
  4.154560000000e+00,  8.74573e-01
  4.159680000000e+00,  8.34372e-01
  4.164800000000e+00,  8.74573e-01
  4.169920000000e+00,  9.14774e-01
  4.175040000000e+00,  8.74573e-01
  4.180160000000e+00,  8.74573e-01
  4.185280000000e+00,  9.14774e-01
  4.190400000000e+00,  9.14774e-01
  4.195520000000e+00,  9.14774e-01
  4.200640000000e+00,  9.14774e-01
  4.205760000000e+00,  9.54975e-01
  4.210880000000e+00,  9.14774e-01
  4.216000000000e+00,  9.14774e-01
  4.221120000000e+00,  9.14774e-01
  4.226240000000e+00,  9.14774e-01
  4.231360000000e+00,  9.54975e-01
  4.236480000000e+00,  9.54975e-01
  4.241600000000e+00,  9.95176e-01
  4.246720000000e+00,  9.54975e-01
  4.251840000000e+00,  9.54975e-01
  4.256960000000e+00,  9.54975e-01
  4.262080000000e+00,  9.54975e-01
  4.267200000000e+00,  9.95176e-01
  4.272320000000e+00,  9.54975e-01
  4.277440000000e+00,  9.54975e-01
  4.282560000000e+00,  9.95176e-01
  4.287680000000e+00,  9.95176e-01
  4.292800000000e+00,  9.95176e-01
  4.297920000000e+00,  9.95176e-01
  4.303040000000e+00,  1.03538e+00
  4.308160000000e+00,  9.95176e-01
  4.313280000000e+00,  9.95176e-01
  4.318400000000e+00,  9.95176e-01
  4.323520000000e+00,  9.95176e-01
  4.328640000000e+00,  9.95176e-01
  4.333760000000e+00,  9.95176e-01
  4.338880000000e+00,  9.95176e-01
  4.344000000000e+00,  9.95176e-01
  4.349120000000e+00,  9.95176e-01
  4.354240000000e+00,  9.95176e-01
  4.359360000000e+00,  9.95176e-01
  4.364480000000e+00,  1.03538e+00
  4.369600000000e+00,  9.95176e-01
  4.374720000000e+00,  1.03538e+00
  4.379840000000e+00,  1.03538e+00
  4.384960000000e+00,  9.95176e-01
  4.390080000000e+00,  1.03538e+00
  4.395200000000e+00,  9.95176e-01
  4.400320000000e+00,  9.95176e-01
  4.405440000000e+00,  1.07558e+00
  4.410560000000e+00,  1.03538e+00
  4.415680000000e+00,  1.03538e+00
  4.420800000000e+00,  1.03538e+00
  4.425920000000e+00,  1.03538e+00
  4.431040000000e+00,  1.03538e+00
  4.436160000000e+00,  1.03538e+00
  4.441280000000e+00,  1.07558e+00
  4.446400000000e+00,  1.03538e+00
  4.451520000000e+00,  1.03538e+00
  4.456640000000e+00,  1.03538e+00
  4.461760000000e+00,  1.03538e+00
  4.466880000000e+00,  1.03538e+00
  4.472000000000e+00,  1.03538e+00
  4.477120000000e+00,  1.07558e+00
  4.482240000000e+00,  1.03538e+00
  4.487360000000e+00,  1.03538e+00
  4.492480000000e+00,  1.03538e+00
  4.497600000000e+00,  1.03538e+00
  4.502720000000e+00,  1.03538e+00
  4.507840000000e+00,  1.07558e+00
  4.512960000000e+00,  1.03538e+00
  4.518080000000e+00,  1.07558e+00
  4.523200000000e+00,  1.03538e+00
  4.528320000000e+00,  1.03538e+00
  4.533440000000e+00,  1.03538e+00
  4.538560000000e+00,  1.07558e+00
  4.543680000000e+00,  1.03538e+00
  4.548800000000e+00,  1.03538e+00
  4.553920000000e+00,  1.07558e+00
  4.559040000000e+00,  1.07558e+00
  4.564160000000e+00,  1.07558e+00
  4.569280000000e+00,  1.03538e+00
  4.574400000000e+00,  1.07558e+00
  4.579520000000e+00,  1.07558e+00
  4.584640000000e+00,  1.07558e+00
  4.589760000000e+00,  1.07558e+00
  4.594880000000e+00,  1.07558e+00
  4.600000000000e+00,  1.07558e+00
  4.605120000000e+00,  1.07558e+00
  4.610240000000e+00,  1.07558e+00
  4.615360000000e+00,  1.03538e+00
  4.620480000000e+00,  1.07558e+00
  4.625600000000e+00,  1.11578e+00
  4.630720000000e+00,  1.07558e+00
  4.635840000000e+00,  1.07558e+00
  4.640960000000e+00,  1.11578e+00
  4.646080000000e+00,  1.07558e+00
  4.651200000000e+00,  1.11578e+00
  4.656320000000e+00,  1.07558e+00
  4.661440000000e+00,  1.07558e+00
  4.666560000000e+00,  1.11578e+00
  4.671680000000e+00,  1.07558e+00
  4.676800000000e+00,  1.07558e+00
  4.681920000000e+00,  1.11578e+00
  4.687040000000e+00,  1.07558e+00
  4.692160000000e+00,  1.07558e+00
  4.697280000000e+00,  1.07558e+00
  4.702400000000e+00,  1.11578e+00
  4.707520000000e+00,  1.07558e+00
  4.712640000000e+00,  1.07558e+00
  4.717760000000e+00,  1.11578e+00
  4.722880000000e+00,  1.07558e+00
  4.728000000000e+00,  1.07558e+00
  4.733120000000e+00,  1.07558e+00
  4.738240000000e+00,  1.07558e+00
  4.743360000000e+00,  1.07558e+00
  4.748480000000e+00,  1.07558e+00
  4.753600000000e+00,  1.07558e+00
  4.758720000000e+00,  1.07558e+00
  4.763840000000e+00,  1.07558e+00
  4.768960000000e+00,  1.07558e+00
  4.774080000000e+00,  1.07558e+00
  4.779200000000e+00,  9.95176e-01
  4.784320000000e+00,  9.95176e-01
  4.789440000000e+00,  9.54975e-01
  4.794560000000e+00,  9.54975e-01
  4.799680000000e+00,  9.14774e-01
  4.804800000000e+00,  8.74573e-01
  4.809920000000e+00,  8.74573e-01
  4.815040000000e+00,  8.34372e-01
  4.820160000000e+00,  8.34372e-01
  4.825280000000e+00,  8.34372e-01
  4.830400000000e+00,  8.34372e-01
  4.835520000000e+00,  8.34372e-01
  4.840640000000e+00,  7.94171e-01
  4.845760000000e+00,  7.53970e-01
  4.850880000000e+00,  7.53970e-01
  4.856000000000e+00,  7.13769e-01
  4.861120000000e+00,  7.13769e-01
  4.866240000000e+00,  7.53970e-01
  4.871360000000e+00,  6.73568e-01
  4.876480000000e+00,  6.73568e-01
  4.881600000000e+00,  7.13769e-01
  4.886720000000e+00,  6.33367e-01
  4.891840000000e+00,  6.33367e-01
  4.896960000000e+00,  5.93166e-01
  4.902080000000e+00,  5.93166e-01
  4.907200000000e+00,  5.93166e-01
  4.912320000000e+00,  5.52965e-01
  4.917440000000e+00,  5.93166e-01
  4.922560000000e+00,  5.52965e-01
  4.927680000000e+00,  5.52965e-01
  4.932800000000e+00,  5.12764e-01
  4.937920000000e+00,  5.12764e-01
  4.943040000000e+00,  5.12764e-01
  4.948160000000e+00,  5.12764e-01
  4.953280000000e+00,  5.12764e-01
  4.958400000000e+00,  5.12764e-01
  4.963520000000e+00,  4.32362e-01
  4.968640000000e+00,  5.12764e-01
  4.973760000000e+00,  4.32362e-01
  4.978880000000e+00,  3.92161e-01
  4.984000000000e+00,  3.92161e-01
  4.989120000000e+00,  4.32362e-01
  4.994240000000e+00,  3.92161e-01